2026-09-12T21:22:58.5689656Z Current runner version: '2.337.0'
2026-09-12T21:22:58.5719054Z ##[group]Runner Image Provisioner
2026-09-12T21:22:58.5720549Z Hosted Compute Agent
2026-09-12T21:22:58.5721742Z Version: 20260828.587
2026-09-12T21:22:58.5723100Z Commit: abac92662cab4cc7352de4f9f9d2e2419aad9c29
2026-09-12T21:22:58.5724724Z Build Date: 2026-08-28T16:44:25Z
2026-09-12T21:22:58.5726068Z Worker ID: {4b1f2009-2eb4-4fb7-96e3-6ceb07f9e5da}
2026-09-12T21:22:58.5727413Z Azure Region: northcentralus
2026-09-12T21:22:58.5728617Z ##[endgroup]
2026-09-12T21:22:58.5730604Z ##[group]Operating System
2026-09-12T21:22:58.5731927Z Ubuntu
2026-09-12T21:22:58.5733033Z 24.04.5
2026-09-12T21:22:58.5734676Z LTS
2026-09-12T21:22:58.5735987Z ##[endgroup]
2026-09-12T21:22:58.5737321Z ##[group]Runner Image
2026-09-12T21:22:58.5738728Z Image: ubuntu-24.04
2026-09-12T21:22:58.5740014Z Version: 20260907.300.1
2026-09-12T21:22:58.5742172Z Included Software: https://github.com/actions/runner-images/blob/ubuntu24/20260907.300/images/ubuntu/Ubuntu2404-Readme.md
2026-09-12T21:22:58.5744777Z Image Release: https://github.com/actions/runner-images/releases/tag/ubuntu24%2F20260907.300
2026-09-12T21:22:58.5746437Z ##[endgroup]
2026-09-12T21:22:58.5748484Z ##[group]GITHUB_TOKEN Permissions
2026-09-12T21:22:58.5751210Z Contents: write
2026-09-12T21:22:58.5752976Z Metadata: read
2026-09-12T21:22:58.5755077Z ##[endgroup]
2026-09-12T21:22:58.5758562Z Secret source: Actions
2026-09-12T21:22:58.5760544Z Cache mode: write
2026-09-12T21:22:58.5761895Z Prepare workflow directory
2026-09-12T21:22:58.6109231Z Prepare all required actions
2026-09-12T21:22:58.6158602Z Getting action download info
2026-09-12T21:22:58.8935054Z Download action repository 'actions/checkout@v4' (SHA:11d5960a326750d5838078e36cf38b85af677262)
2026-09-12T21:22:59.0025443Z Download action repository 'actions/setup-java@v4' (SHA:cf277c60eb25467037889841efdb72551f06f6c3)
2026-09-12T21:22:59.4325412Z Download action repository 'gradle/actions@v4' (SHA:ed408507eac070d1f99cc633dbcf757c94c7933a)
2026-09-12T21:23:00.2895044Z Download action repository 'actions/upload-artifact@v4' (SHA:ea165f8d65b6e75b540449e92b4886f43607fa02)
2026-09-12T21:23:00.3973173Z Download action repository 'softprops/action-gh-release@v2' (SHA:3bb12739c298aeb8a4eeaf626c5b8d85266b0e65)
2026-09-12T21:23:00.7702747Z Complete job name: Build Android Release APK
2026-09-12T21:23:00.8509303Z Node 20 is being deprecated. This workflow is running with Node 24 by default. If you need to temporarily use Node 20, you can set the ACTIONS_ALLOW_USE_UNSECURE_NODE_VERSION=true environment variable. For more information see: https://github.blog/changelog/2025-09-19-deprecation-of-node-20-on-github-actions-runners/
2026-09-12T21:23:00.8517702Z ##[group]Run actions/checkout@v4
2026-09-12T21:23:00.8518425Z with:
2026-09-12T21:23:00.8518883Z   fetch-depth: 0
2026-09-12T21:23:00.8519398Z   repository: traginodavid57-source/Fynex-Manager
2026-09-12T21:23:00.8522967Z   token: ***
2026-09-12T21:23:00.8523623Z   ssh-strict: true
2026-09-12T21:23:00.8524087Z   ssh-user: git
2026-09-12T21:23:00.8524576Z   persist-credentials: true
2026-09-12T21:23:00.8525068Z   clean: true
2026-09-12T21:23:00.8525520Z   sparse-checkout-cone-mode: true
2026-09-12T21:23:00.8526025Z   fetch-tags: false
2026-09-12T21:23:00.8526464Z   show-progress: true
2026-09-12T21:23:00.8526898Z   lfs: false
2026-09-12T21:23:00.8527354Z   submodules: false
2026-09-12T21:23:00.8527797Z   set-safe-directory: true
2026-09-12T21:23:00.8528280Z   allow-unsafe-pr-checkout: false
2026-09-12T21:23:00.8529054Z ##[endgroup]
2026-09-12T21:23:00.9511636Z Syncing repository: traginodavid57-source/Fynex-Manager
2026-09-12T21:23:00.9513800Z ##[group]Getting Git version info
2026-09-12T21:23:00.9514627Z Working directory is '/home/runner/work/Fynex-Manager/Fynex-Manager'
2026-09-12T21:23:00.9515845Z [command]/usr/bin/git version
2026-09-12T21:23:00.9565782Z git version 2.55.0
2026-09-12T21:23:00.9595887Z ##[endgroup]
2026-09-12T21:23:00.9601203Z Temporarily overriding HOME='/home/runner/work/_temp/505be98a-4a22-4fba-bd3d-efd59708686a' before making global git config changes
2026-09-12T21:23:00.9604108Z Adding repository directory to the temporary git global config as a safe directory
2026-09-12T21:23:00.9607294Z [command]/usr/bin/git config --global --add safe.directory /home/runner/work/Fynex-Manager/Fynex-Manager
2026-09-12T21:23:00.9657202Z Deleting the contents of '/home/runner/work/Fynex-Manager/Fynex-Manager'
2026-09-12T21:23:00.9661433Z ##[group]Initializing the repository
2026-09-12T21:23:00.9666971Z [command]/usr/bin/git init /home/runner/work/Fynex-Manager/Fynex-Manager
2026-09-12T21:23:00.9773846Z hint: Using 'master' as the name for the initial branch. This default branch name
2026-09-12T21:23:00.9775435Z hint: will change to "main" in Git 3.0. To configure the initial branch name
2026-09-12T21:23:00.9776925Z hint: to use in all of your new repositories, which will suppress this warning,
2026-09-12T21:23:00.9778339Z hint: call:
2026-09-12T21:23:00.9779064Z hint:
2026-09-12T21:23:00.9779889Z hint: 	git config --global init.defaultBranch <name>
2026-09-12T21:23:00.9780709Z hint:
2026-09-12T21:23:00.9781712Z hint: Names commonly chosen instead of 'master' are 'main', 'trunk' and
2026-09-12T21:23:00.9782566Z hint: 'development'. The just-created branch can be renamed via this command:
2026-09-12T21:23:00.9783255Z hint:
2026-09-12T21:23:00.9784111Z hint: 	git branch -m <name>
2026-09-12T21:23:00.9784613Z hint:
2026-09-12T21:23:00.9785223Z hint: Disable this message with "git config set advice.defaultBranchName false"
2026-09-12T21:23:00.9786706Z Initialized empty Git repository in /home/runner/work/Fynex-Manager/Fynex-Manager/.git/
2026-09-12T21:23:00.9789752Z [command]/usr/bin/git remote add origin https://github.com/traginodavid57-source/Fynex-Manager
2026-09-12T21:23:00.9836520Z ##[endgroup]
2026-09-12T21:23:00.9837855Z ##[group]Disabling automatic garbage collection
2026-09-12T21:23:00.9839629Z [command]/usr/bin/git config --local gc.auto 0
2026-09-12T21:23:00.9872049Z ##[endgroup]
2026-09-12T21:23:00.9876241Z ##[group]Setting up auth
2026-09-12T21:23:00.9878819Z [command]/usr/bin/git config --local --name-only --get-regexp core\.sshCommand
2026-09-12T21:23:00.9919693Z [command]/usr/bin/git submodule foreach --recursive sh -c "git config --local --name-only --get-regexp 'core\.sshCommand' && git config --local --unset-all 'core.sshCommand' || :"
2026-09-12T21:23:01.0265709Z [command]/usr/bin/git config --local --name-only --get-regexp http\.https\:\/\/github\.com\/\.extraheader
2026-09-12T21:23:01.0310490Z [command]/usr/bin/git submodule foreach --recursive sh -c "git config --local --name-only --get-regexp 'http\.https\:\/\/github\.com\/\.extraheader' && git config --local --unset-all 'http.https://github.com/.extraheader' || :"
2026-09-12T21:23:01.0557414Z [command]/usr/bin/git config --local --name-only --get-regexp ^includeIf\.gitdir:
2026-09-12T21:23:01.0592984Z [command]/usr/bin/git submodule foreach --recursive git config --local --show-origin --name-only --get-regexp remote.origin.url
2026-09-12T21:23:01.0815661Z [command]/usr/bin/git config --local http.https://github.com/.extraheader AUTHORIZATION: basic ***
2026-09-12T21:23:01.0854250Z ##[endgroup]
2026-09-12T21:23:01.0855247Z ##[group]Fetching the repository
2026-09-12T21:23:01.0864438Z [command]/usr/bin/git -c protocol.version=2 fetch --prune --no-recurse-submodules origin +refs/heads/*:refs/remotes/origin/* +refs/tags/*:refs/tags/*
2026-09-12T21:23:02.5834090Z From https://github.com/traginodavid57-source/Fynex-Manager
2026-09-12T21:23:02.5835399Z  * [new branch]      main       -> origin/main
2026-09-12T21:23:02.5849110Z [command]/usr/bin/git branch --list --remote origin/main
2026-09-12T21:23:02.5877896Z   origin/main
2026-09-12T21:23:02.5889842Z [command]/usr/bin/git rev-parse refs/remotes/origin/main
2026-09-12T21:23:02.5917285Z 2fe99e9a1e0c8fadc54e4e636487eedd4cb7829c
2026-09-12T21:23:02.5922824Z ##[endgroup]
2026-09-12T21:23:02.5924337Z ##[group]Determining the checkout info
2026-09-12T21:23:02.5925967Z ##[endgroup]
2026-09-12T21:23:02.5944582Z [command]/usr/bin/git sparse-checkout disable
2026-09-12T21:23:02.6014898Z [command]/usr/bin/git config --local --unset-all extensions.worktreeConfig
2026-09-12T21:23:02.6047755Z ##[group]Checking out the ref
2026-09-12T21:23:02.6052850Z [command]/usr/bin/git checkout --progress --force -B main refs/remotes/origin/main
2026-09-12T21:23:02.6157094Z Switched to a new branch 'main'
2026-09-12T21:23:02.6163786Z branch 'main' set up to track 'origin/main'.
2026-09-12T21:23:02.6171041Z ##[endgroup]
2026-09-12T21:23:02.6214847Z [command]/usr/bin/git log -1 --format=%H
2026-09-12T21:23:02.6242629Z 2fe99e9a1e0c8fadc54e4e636487eedd4cb7829c
2026-09-12T21:23:02.6529138Z Node 20 is being deprecated. This workflow is running with Node 24 by default. If you need to temporarily use Node 20, you can set the ACTIONS_ALLOW_USE_UNSECURE_NODE_VERSION=true environment variable. For more information see: https://github.blog/changelog/2025-09-19-deprecation-of-node-20-on-github-actions-runners/
2026-09-12T21:23:02.6531217Z ##[group]Run actions/setup-java@v4
2026-09-12T21:23:02.6531656Z with:
2026-09-12T21:23:02.6532009Z   distribution: temurin
2026-09-12T21:23:02.6532388Z   java-version: 21
2026-09-12T21:23:02.6532749Z   java-package: jdk
2026-09-12T21:23:02.6533114Z   check-latest: false
2026-09-12T21:23:02.6533655Z   server-id: github
2026-09-12T21:23:02.6534025Z   server-username: GITHUB_ACTOR
2026-09-12T21:23:02.6534435Z   server-password: GITHUB_TOKEN
2026-09-12T21:23:02.6534837Z   overwrite-settings: true
2026-09-12T21:23:02.6535240Z   job-status: success
2026-09-12T21:23:02.6538588Z   token: ***
2026-09-12T21:23:02.6538934Z ##[endgroup]
2026-09-12T21:23:02.8244403Z ##[warning]setup-java v4 is deprecated and will no longer receive updates. Please migrate to actions/setup-java@v5.
2026-09-12T21:23:02.8251386Z ##[group]Installed distributions
2026-09-12T21:23:02.8290544Z Resolved Java 21.0.12+1 from tool-cache
2026-09-12T21:23:02.8291363Z Setting Java 21.0.12+1 as the default
2026-09-12T21:23:02.8303603Z (node:2267) [DEP0040] DeprecationWarning: The `punycode` module is deprecated. Please use a userland alternative instead.
2026-09-12T21:23:02.8304656Z (Use `node --trace-deprecation ...` to show where the warning was created)
2026-09-12T21:23:02.8307757Z Creating toolchains.xml for JDK version 21 from temurin
2026-09-12T21:23:02.8382413Z Writing to /home/runner/.m2/toolchains.xml
2026-09-12T21:23:02.8383045Z 
2026-09-12T21:23:02.8383596Z Java configuration:
2026-09-12T21:23:02.8384347Z   Distribution: temurin
2026-09-12T21:23:02.8385071Z   Version: 21.0.12+1
2026-09-12T21:23:02.8385970Z   Path: /opt/hostedtoolcache/Java_Temurin-Hotspot_jdk/21.0.12-1/x64
2026-09-12T21:23:02.8386741Z 
2026-09-12T21:23:02.8387590Z ##[endgroup]
2026-09-12T21:23:02.8404054Z Creating settings.xml with server-id: github
2026-09-12T21:23:02.8432035Z Writing to /home/runner/.m2/settings.xml
2026-09-12T21:23:02.8600932Z ##[group]Run yes | ${ANDROID_HOME}/cmdline-tools/latest/bin/sdkmanager --licenses || true
2026-09-12T21:23:02.8601831Z [36;1myes | ${ANDROID_HOME}/cmdline-tools/latest/bin/sdkmanager --licenses || true[0m
2026-09-12T21:23:02.8602759Z [36;1m${ANDROID_HOME}/cmdline-tools/latest/bin/sdkmanager --install "build-tools;35.0.0" "platforms;android-35"[0m
2026-09-12T21:23:02.8645435Z shell: /usr/bin/bash -e {0}
2026-09-12T21:23:02.8646118Z env:
2026-09-12T21:23:02.8646877Z   JAVA_HOME: /opt/hostedtoolcache/Java_Temurin-Hotspot_jdk/21.0.12-1/x64
2026-09-12T21:23:02.8648010Z   JAVA_HOME_21_X64: /opt/hostedtoolcache/Java_Temurin-Hotspot_jdk/21.0.12-1/x64
2026-09-12T21:23:02.8648967Z ##[endgroup]
2026-09-12T21:23:08.0460627Z Loading local repository...                                                     
2026-09-12T21:23:08.0462155Z [=========                              ] 25% Loading local repository...       
2026-09-12T21:23:09.3614991Z [=========                              ] 25% Fetch remote repository...        
2026-09-12T21:23:09.8805799Z [==========                             ] 26% Fetch remote repository...        
2026-09-12T21:23:09.8820081Z [============                           ] 31% Fetch remote repository...        
2026-09-12T21:23:09.9319663Z [============                           ] 32% Fetch remote repository...        
2026-09-12T21:23:09.9336722Z [=============                          ] 33% Fetch remote repository...        
2026-09-12T21:23:09.9796422Z [=============                          ] 35% Fetch remote repository...        
2026-09-12T21:23:09.9824759Z [==============                         ] 36% Fetch remote repository...        
2026-09-12T21:23:10.0000204Z [==============                         ] 37% Fetch remote repository...        
2026-09-12T21:23:10.0024748Z [===============                        ] 38% Fetch remote repository...        
2026-09-12T21:23:10.0224405Z [===============                        ] 39% Fetch remote repository...        
2026-09-12T21:23:10.0227250Z [================                       ] 40% Fetch remote repository...        
2026-09-12T21:23:10.0414910Z [================                       ] 41% Fetch remote repository...        
2026-09-12T21:23:10.0416350Z [================                       ] 42% Fetch remote repository...        
2026-09-12T21:23:10.0509179Z [=================                      ] 44% Fetch remote repository...        
2026-09-12T21:23:10.0512172Z [=================                      ] 45% Fetch remote repository...        
2026-09-12T21:23:10.0711422Z [==================                     ] 46% Fetch remote repository...        
2026-09-12T21:23:10.0712695Z [==================                     ] 47% Fetch remote repository...        
2026-09-12T21:23:10.0958211Z [===================                    ] 48% Fetch remote repository...        
2026-09-12T21:23:10.0962901Z [===================                    ] 49% Fetch remote repository...        
2026-09-12T21:23:10.1151868Z [====================                   ] 50% Fetch remote repository...        
2026-09-12T21:23:10.1153228Z [====================                   ] 51% Fetch remote repository...        
2026-09-12T21:23:10.1309675Z [====================                   ] 53% Fetch remote repository...        
2026-09-12T21:23:10.1311914Z [=====================                  ] 54% Fetch remote repository...        
2026-09-12T21:23:10.1497966Z [=====================                  ] 55% Fetch remote repository...        
2026-09-12T21:23:10.1499265Z [======================                 ] 56% Fetch remote repository...        
2026-09-12T21:23:10.1775375Z [======================                 ] 57% Fetch remote repository...        
2026-09-12T21:23:10.1787323Z [=======================                ] 58% Fetch remote repository...        
2026-09-12T21:23:10.1966752Z [=======================                ] 59% Fetch remote repository...        
2026-09-12T21:23:10.2004747Z [========================               ] 60% Fetch remote repository...        
2026-09-12T21:23:10.2140477Z [========================               ] 61% Fetch remote repository...        
2026-09-12T21:23:10.2141807Z [=========================              ] 63% Fetch remote repository...        
2026-09-12T21:23:10.2329385Z [=========================              ] 64% Fetch remote repository...        
2026-09-12T21:23:10.2330777Z [=========================              ] 65% Fetch remote repository...        
2026-09-12T21:23:10.2483778Z [==========================             ] 66% Fetch remote repository...        
2026-09-12T21:23:10.2491310Z [==========================             ] 67% Fetch remote repository...        
2026-09-12T21:23:10.2805353Z [===========================            ] 68% Fetch remote repository...        
2026-09-12T21:23:10.2832640Z [===========================            ] 69% Fetch remote repository...        
2026-09-12T21:23:10.3449432Z [============================           ] 70% Fetch remote repository...        
2026-09-12T21:23:10.3454885Z [============================           ] 72% Fetch remote repository...        
2026-09-12T21:23:13.1348988Z [=============================          ] 73% Fetch remote repository...        
2026-09-12T21:23:13.1352242Z [=============================          ] 74% Fetch remote repository...        
2026-09-12T21:23:13.1454406Z [=============================          ] 75% Fetch remote repository...        
2026-09-12T21:23:13.1574353Z [=============================          ] 75% Computing updates...              
2026-09-12T21:23:13.1575377Z [=======================================] 100% Computing updates...             
2026-09-12T21:23:13.2174358Z 6 of 7 SDK package licenses not accepted.
2026-09-12T21:23:13.2190942Z Review licenses that have not been accepted (y/N)? 
2026-09-12T21:23:13.2191869Z 1/6: License android-googletv-license:
2026-09-12T21:23:13.2192658Z ---------------------------------------
2026-09-12T21:23:13.2193658Z Terms and Conditions
2026-09-12T21:23:13.2194069Z 
2026-09-12T21:23:13.2194673Z This is the Google TV Add-on for the Android Software Development Kit License Agreement.
2026-09-12T21:23:13.2195491Z 
2026-09-12T21:23:13.2195767Z 1. Introduction
2026-09-12T21:23:13.2196123Z 
2026-09-12T21:23:13.2199011Z 1.1 The Google TV Add-on for the Android Software Development Kit (referred to in this License Agreement as the "Google TV Add-on" and specifically including the Android system files, packaged APIs, and Google APIs add-ons) is licensed to you subject to the terms of this License Agreement. This License Agreement forms a legally binding contract between you and Google in relation to your use of the Google TV Add-on.
2026-09-12T21:23:13.2202306Z 
2026-09-12T21:23:13.2203664Z 1.2 "Google" means Google Inc., a Delaware corporation with principal place of business at 1600 Amphitheatre Parkway, Mountain View, CA 94043, United States.
2026-09-12T21:23:13.2204919Z 
2026-09-12T21:23:13.2205243Z 2. Accepting this License Agreement
2026-09-12T21:23:13.2205720Z 
2026-09-12T21:23:13.2206873Z 2.1 In order to use the Google TV Add-on, you must first agree to this License Agreement. You may not use the Google TV Add-on if you do not accept this License Agreement.
2026-09-12T21:23:13.2208249Z 
2026-09-12T21:23:13.2208601Z 2.2 You can accept this License Agreement by:
2026-09-12T21:23:13.2209126Z 
2026-09-12T21:23:13.2209868Z (A) clicking to accept or agree to this License Agreement, where this option is made available to you; or
2026-09-12T21:23:13.2210791Z 
2026-09-12T21:23:13.2211930Z (B) by actually using the Google TV Add-on. In this case, you agree that use of the Google TV Add-on constitutes acceptance of the License Agreement from that point onwards.
2026-09-12T21:23:13.2213285Z 
2026-09-12T21:23:13.2215823Z 2.3 You may not use the Google TV Add-on and may not accept the Licensing Agreement if you are a person barred from receiving the Google TV Add-on under the laws of the United States or other countries including the country in which you are resident or from which you use the Google TV Add-on.
2026-09-12T21:23:13.2218032Z 
2026-09-12T21:23:13.2220718Z 2.4 If you are agreeing to be bound by this License Agreement on behalf of your employer or other entity, you represent and warrant that you have full legal authority to bind your employer or such entity to this License Agreement. If you do not have the requisite authority, you may not accept the Licensing Agreement or use the Google TV Add-on on behalf of your employer or other entity.
2026-09-12T21:23:13.2223787Z 
2026-09-12T21:23:13.2224110Z 3. Google TV Add-on License from Google
2026-09-12T21:23:13.2224593Z 
2026-09-12T21:23:13.2226239Z 3.1 Subject to the terms of this License Agreement, Google grants you a limited, worldwide, royalty-free, non- assignable and non-exclusive license to use the Google TV Add-on solely to develop applications to run on the Google TV platform.
2026-09-12T21:23:13.2228089Z 
2026-09-12T21:23:13.2230920Z 3.2 You agree that Google or third parties own all legal right, title and interest in and to the Google TV Add-on, including any Intellectual Property Rights that subsist in the Google TV Add-on. "Intellectual Property Rights" means any and all rights under patent law, copyright law, trade secret law, trademark law, and any and all other proprietary rights. Google reserves all rights not expressly granted to you.
2026-09-12T21:23:13.2234449Z 
2026-09-12T21:23:13.2238694Z 3.3 Except to the extent required by applicable third party licenses, you may not copy (except for backup purposes), modify, adapt, redistribute, decompile, reverse engineer, disassemble, or create derivative works of the Google TV Add-on or any part of the Google TV Add-on. Except to the extent required by applicable third party licenses, you may not load any part of the Google TV Add-on onto a mobile handset, television, or any other hardware device except a personal computer, combine any part of the Google TV Add-on with other software, or distribute any software or device incorporating a part of the Google TV Add-on.
2026-09-12T21:23:13.2243135Z 
2026-09-12T21:23:13.2244891Z 3.4 Use, reproduction and distribution of components of the Google TV Add-on licensed under an open source software license are governed solely by the terms of that open source software license and not this License Agreement.
2026-09-12T21:23:13.2246701Z 
2026-09-12T21:23:13.2250075Z 3.5 You agree that the form and nature of the Google TV Add-on that Google provides may change without prior notice to you and that future versions of the Google TV Add-on may be incompatible with applications developed on previous versions of the Google TV Add-on. You agree that Google may stop (permanently or temporarily) providing the Google TV Add-on (or any features within the Google TV Add-on) to you or to users generally at Google's sole discretion, without prior notice to you.
2026-09-12T21:23:13.2253857Z 
2026-09-12T21:23:13.2255898Z 3.6 Nothing in this License Agreement gives you a right to use any of Google's or it’s licensors’ trade names, trademarks, service marks, logos, domain names, or other distinctive brand features.
2026-09-12T21:23:13.2257435Z 
2026-09-12T21:23:13.2258813Z 3.7 You agree that you will not remove, obscure, or alter any proprietary rights notices (including copyright and trademark notices) that may be affixed to or contained within the Google TV Add-on.
2026-09-12T21:23:13.2260400Z 
2026-09-12T21:23:13.2260731Z 4. Use of the Google TV Add-on by You
2026-09-12T21:23:13.2261201Z 
2026-09-12T21:23:13.2263115Z 4.1 Google agrees that it obtains no right, title or interest from you (or your licensors) under this License Agreement in or to any software applications that you develop using the Google TV Add-on, including any intellectual property rights that subsist in those applications.
2026-09-12T21:23:13.2265507Z 
2026-09-12T21:23:13.2268309Z 4.2 You agree to use the Google TV Add-on and write applications only for purposes that are permitted by (a) this License Agreement and (b) any applicable law, regulation or generally accepted practices or guidelines in the relevant jurisdictions (including any laws regarding the export of data or software to and from the United States or other relevant countries).
2026-09-12T21:23:13.2271027Z 
2026-09-12T21:23:13.2276772Z 4.3 You agree that if you use the Google TV Add-on to develop applications for general public users, you will protect the privacy and legal rights of those users. If the users provide you with user names, passwords, or other login information or personal information, your must make the users aware that the information will be available to your application, and you must provide legally adequate privacy notice and protection for those users. If your application stores personal or sensitive information provided by users, it must do so securely. If the user provides your application with Google Account information, your application may only use that information to access the user's Google Account when, and for the limited purposes for which, the user has given you explicit permission to do so.
2026-09-12T21:23:13.2282514Z 
2026-09-12T21:23:13.2285541Z 4.4 You agree that you will not engage in any activity with the Google TV Add-on, including the development or distribution of an application, that interferes with, disrupts, damages, or accesses in an unauthorized manner the servers, networks, or other properties or services of any third party including, but not limited to, Google, Multichannel Video Program Distributors or any mobile communications carrier.
2026-09-12T21:23:13.2288755Z 
2026-09-12T21:23:13.2291338Z 4.5 You agree that you are solely responsible for (and that Google has no responsibility to you or to any third party for) any data, content, or resources that you create, transmit or display through the Google TV platform and/or applications for the Google TV platform, and for the consequences of your actions (including any loss or damage which Google may suffer) by doing so.
2026-09-12T21:23:13.2294446Z 
2026-09-12T21:23:13.2297252Z 4.6 You agree that you are solely responsible for (and that Google has no responsibility to you or to any third party for) any breach of your obligations under this License Agreement, any applicable third party contract or Terms of Service, or any applicable law or regulation, and for the consequences (including any loss or damage which Google or any third party may suffer) of any such breach.
2026-09-12T21:23:13.2300291Z 
2026-09-12T21:23:13.2300624Z 5. Your Developer Credentials
2026-09-12T21:23:13.2301075Z 
2026-09-12T21:23:13.2303076Z 5.1 You agree that you are responsible for maintaining the confidentiality of any developer credentials that may be issued to you by Google or which you may choose yourself and that you will be solely responsible for all applications that are developed under your developer credentials.
2026-09-12T21:23:13.2305541Z 
2026-09-12T21:23:13.2305842Z 6. Privacy and Information
2026-09-12T21:23:13.2306269Z 
2026-09-12T21:23:13.2309890Z 6.1 In order to continually innovate and improve the Google TV Add-on, Google may collect certain usage statistics from the software including but not limited to a unique identifier, associated IP address, version number of the software, and information on which tools and/or services in the Google TV Add-on are being used and how they are being used. Before any of this information is collected, the Google TV Add-on will notify you and seek your consent. If you withhold consent, the information will not be collected.
2026-09-12T21:23:13.2313948Z 
2026-09-12T21:23:13.2314974Z 6.2 The data collected is examined in the aggregate to improve the Google TV Add-on and is maintained in accordance with Google's Privacy Policy.
2026-09-12T21:23:13.2316187Z 
2026-09-12T21:23:13.2316585Z 7. Third Party Applications for the Google TV Platform
2026-09-12T21:23:13.2317180Z 
2026-09-12T21:23:13.2321571Z 7.1 If you use the Google TV Add-on to run applications developed by a third party or that access data, content or resources provided by a third party, you agree that Google is not responsible for those applications, data, content, or resources. You understand that all data, content or resources which you may access through such third party applications are the sole responsibility of the person from which they originated and that Google is not liable for any loss or damage that you may experience as a result of the use or access of any of those third party applications, data, content, or resources.
2026-09-12T21:23:13.2326168Z 
2026-09-12T21:23:13.2329521Z 7.2 You should be aware the data, content, and resources presented to you through such a third party application may be protected by intellectual property rights which are owned by the providers (or by other persons or companies on their behalf). You may not modify, rent, lease, loan, sell, distribute or create derivative works based on these data, content, or resources (either in whole or in part) unless you have been specifically given permission to do so by the relevant owners.
2026-09-12T21:23:13.2333127Z 
2026-09-12T21:23:13.2335272Z 7.3 You acknowledge that your use of such third party applications, data, content, or resources may be subject to separate terms between you and the relevant third party. In that case, this License Agreement does not affect your legal relationship with these third parties.
2026-09-12T21:23:13.2337622Z 
2026-09-12T21:23:13.2337917Z 8. Using Google TV APIs
2026-09-12T21:23:13.2338305Z 
2026-09-12T21:23:13.2343967Z 8.1 If you use any Google TV API to retrieve data from Google, you acknowledge that the data (“Google TV API Content”) may be protected by intellectual property rights which are owned by Google or those parties that provide the data (or by other persons or companies on their behalf). Your use of any such API may be subject to additional Terms of Service. You may not modify, rent, lease, loan, sell, distribute or create derivative works based on this data (either in whole or in part) unless allowed by the relevant Terms of Service. Some portions of the Google TV API Content are licensed to Google by third parties, including but not limited to Tribune Media Services
2026-09-12T21:23:13.2348727Z 
2026-09-12T21:23:13.2350462Z 8.2 If you use any API to retrieve a user's data from Google, you acknowledge and agree that you shall retrieve data only with the user's explicit consent and only when, and for the limited purposes for which, the user has given you permission to do so.
2026-09-12T21:23:13.2352369Z 
2026-09-12T21:23:13.2353041Z 8.3 Except as explicitly permitted in Section 3 (Google TV Add-on License from Google), you must:
2026-09-12T21:23:13.2354140Z 
2026-09-12T21:23:13.2355582Z (a) not modify nor format the Google TV API Content except to the extent reasonably and technically necessary to optimize the display such Google TV API Content in your application;
2026-09-12T21:23:13.2357399Z 
2026-09-12T21:23:13.2358869Z (b) not edit the Google TV API Content in a manner that renders the Google TV API Content inaccurate of alters its inherent meaning (provided that displaying excerpts will not violate the foregoing); or
2026-09-12T21:23:13.2360511Z 
2026-09-12T21:23:13.2361232Z (c) not create any commercial audience measurement tool or service using the Google TV API Content
2026-09-12T21:23:13.2362170Z 
2026-09-12T21:23:13.2362493Z 9. Terminating this License Agreement
2026-09-12T21:23:13.2363055Z 
2026-09-12T21:23:13.2363953Z 9.1 This License Agreement will continue to apply until terminated by either you or Google as set out below.
2026-09-12T21:23:13.2364927Z 
2026-09-12T21:23:13.2365959Z 9.2 If you want to terminate this License Agreement, you may do so by ceasing your use of the Google TV Add-on and any relevant developer credentials.
2026-09-12T21:23:13.2367150Z 
2026-09-12T21:23:13.2367489Z 9.3 Google may at any time, terminate this License Agreement with you if:
2026-09-12T21:23:13.2367900Z 
2026-09-12T21:23:13.2368157Z (A) you have breached any provision of this License Agreement; or
2026-09-12T21:23:13.2368519Z 
2026-09-12T21:23:13.2368709Z (B) Google is required to do so by law; or
2026-09-12T21:23:13.2368981Z 
2026-09-12T21:23:13.2369986Z (C) the partner with whom Google offered certain parts of Google TV Add-on (such as APIs) to you has terminated its relationship with Google or ceased to offer certain parts of the Google TV Add-on to you; or
2026-09-12T21:23:13.2370861Z 
2026-09-12T21:23:13.2372081Z (D) Google decides to no longer providing the Google TV Add-on or certain parts of the Google TV Add-on to users in the country in which you are resident or from which you use the service, or the provision of the Google TV Add-on or certain Google TV Add-on services to you by Google is, in Google's sole discretion, no longer commercially viable.
2026-09-12T21:23:13.2373690Z 
2026-09-12T21:23:13.2375370Z 9.4 When this License Agreement comes to an end, all of the legal rights, obligations and liabilities that you and Google have benefited from, been subject to (or which have accrued over time whilst this License Agreement has been in force) or which are expressed to continue indefinitely, shall be unaffected by this cessation, and the provisions of paragraph 14.7 shall continue to apply to such rights, obligations and liabilities indefinitely.
2026-09-12T21:23:13.2377126Z 
2026-09-12T21:23:13.2377305Z 10. DISCLAIMER OF WARRANTIES
2026-09-12T21:23:13.2377677Z 
2026-09-12T21:23:13.2378434Z 10.1 YOU EXPRESSLY UNDERSTAND AND AGREE THAT YOUR USE OF THE GOOGLE TV ADD-ON IS AT YOUR SOLE RISK AND THAT THE GOOGLE TV ADD-ON IS PROVIDED "AS IS" AND "AS AVAILABLE" WITHOUT WARRANTY OF ANY KIND FROM GOOGLE.
2026-09-12T21:23:13.2379272Z 
2026-09-12T21:23:13.2380326Z 10.2 YOUR USE OF THE GOOGLE TV ADD-ON AND ANY MATERIAL DOWNLOADED OR OTHERWISE OBTAINED THROUGH THE USE OF THE GOOGLE TV ADD-ON IS AT YOUR OWN DISCRETION AND RISK AND YOU ARE SOLELY RESPONSIBLE FOR ANY DAMAGE TO YOUR COMPUTER SYSTEM OR OTHER DEVICE OR LOSS OF DATA THAT RESULTS FROM SUCH USE.
2026-09-12T21:23:13.2381468Z 
2026-09-12T21:23:13.2382465Z 10.3 GOOGLE FURTHER EXPRESSLY DISCLAIMS ALL WARRANTIES AND CONDITIONS OF ANY KIND, WHETHER EXPRESS OR IMPLIED, INCLUDING, BUT NOT LIMITED TO THE IMPLIED WARRANTIES AND CONDITIONS OF MERCHANTABILITY, FITNESS FOR A PARTICULAR PURPOSE AND NON-INFRINGEMENT.
2026-09-12T21:23:13.2384256Z 
2026-09-12T21:23:13.2384483Z 11. LIMITATION OF LIABILITY
2026-09-12T21:23:13.2384973Z 
2026-09-12T21:23:13.2386783Z 11.1 YOU EXPRESSLY UNDERSTAND AND AGREE THAT GOOGLE, ITS SUBSIDIARIES AND AFFILIATES, AND ITS LICENSORS SHALL NOT BE LIABLE TO YOU UNDER ANY THEORY OF LIABILITY FOR ANY DIRECT, INDIRECT, INCIDENTAL, SPECIAL CONSEQUENTIAL OR EXEMPLARY DAMAGES THAT MAY BE INCURRED BY YOU, INCLUDING ANY LOSS OF DATA, WHETHER OR NOT GOOGLE OR ITS REPRESENTATIVES HAVE BEEN ADVISED OF OR SHOULD HAVE BEEN AWARE OF THE POSSIBILITY OF ANY SUCH LOSSES ARISING.
2026-09-12T21:23:13.2388512Z 
2026-09-12T21:23:13.2388678Z 12. Indemnification
2026-09-12T21:23:13.2388888Z 
2026-09-12T21:23:13.2391641Z 12.1 To the maximum extent permitted by law, you agree to defend, indemnify and hold harmless Google, its affiliates and their respective directors, officers, employees and agents from and against any and all claims, actions, suits or proceedings, as well as any and all losses, liabilities, damages, costs and expenses (including reasonable attorneys fees) arising out of or accruing from (a) your use of the Google TV Add-on, (b) any application you develop on the Google TV Add-on that infringes any copyright, trademark, trade secret, trade dress, patent or other intellectual property right of any person or defames any person or violates their rights of publicity or privacy, and (c) any non-compliance by you with this License Agreement.
2026-09-12T21:23:13.2394753Z 
2026-09-12T21:23:13.2394941Z 13. Changes to the License Agreement
2026-09-12T21:23:13.2395210Z 
2026-09-12T21:23:13.2395634Z 13.1 Google may make changes to the License Agreement as it distributes new versions of the Google TV Add-on.
2026-09-12T21:23:13.2396165Z 
2026-09-12T21:23:13.2396330Z 14. General Legal Terms
2026-09-12T21:23:13.2396543Z 
2026-09-12T21:23:13.2397949Z 14.1 This License Agreement constitute the whole legal agreement between you and Google and govern your use of the Google TV Add-on (excluding any services which Google may provide to you under a separate written agreement), and completely replace any prior agreements between you and Google in relation to the Google TV Add-on.
2026-09-12T21:23:13.2399291Z 
2026-09-12T21:23:13.2400462Z 14.2 You agree that if Google does not exercise or enforce any legal right or remedy which is contained in this License Agreement (or which Google has the benefit of under any applicable law), this will not be taken to be a formal waiver of Google's rights and that those rights or remedies will still be available to Google.
2026-09-12T21:23:13.2401721Z 
2026-09-12T21:23:13.2403012Z 14.3 If any court of law, having the jurisdiction to decide on this matter, rules that any provision of this License Agreement is invalid, then that provision will be removed from this License Agreement without affecting the rest of this License Agreement. The remaining provisions of this License Agreement will continue to be valid and enforceable.
2026-09-12T21:23:13.2404677Z 
2026-09-12T21:23:13.2406819Z 14.4 You acknowledge and agree that Google’s API data licensors and each member of the group of companies of which Google is the parent shall be third party beneficiaries to this License Agreement and that such other companies shall be entitled to directly enforce, and rely upon, any provision of this License Agreement that confers a benefit on (or rights in favor of) them. Other than this, no other person or company shall be third party beneficiaries to this License Agreement.
2026-09-12T21:23:13.2408871Z 
2026-09-12T21:23:13.2409969Z 14.5 EXPORT RESTRICTIONS. THE GOOGLE TV ADD-ON IS SUBJECT TO UNITED STATES EXPORT LAWS AND REGULATIONS. YOU MUST COMPLY WITH ALL DOMESTIC AND INTERNATIONAL EXPORT LAWS AND REGULATIONS THAT APPLY TO THE GOOGLE TV ADD-ON. THESE LAWS INCLUDE RESTRICTIONS ON DESTINATIONS, END USERS AND END USE.
2026-09-12T21:23:13.2411162Z 
2026-09-12T21:23:13.2412451Z 14.6 The rights granted in this License Agreement may not be assigned or transferred by either you or Google without the prior written approval of the other party. Neither you nor Google shall be permitted to delegate their responsibilities or obligations under this License Agreement without the prior written approval of the other party.
2026-09-12T21:23:13.2414101Z 
2026-09-12T21:23:13.2416213Z 14.7 This License Agreement, and your relationship with Google under this License Agreement, shall be governed by the laws of the State of California without regard to its conflict of laws provisions. You and Google agree to submit to the exclusive jurisdiction of the courts located within the county of Santa Clara, California to resolve any legal matter arising from this License Agreement. Notwithstanding this, you agree that Google shall still be allowed to apply for injunctive remedies (or an equivalent type of urgent legal relief) in any jurisdiction.
2026-09-12T21:23:13.2418399Z 
2026-09-12T21:23:13.2418404Z 
2026-09-12T21:23:13.2418569Z August 15, 2011
2026-09-12T21:23:13.2418956Z ---------------------------------------
2026-09-12T21:23:13.2419473Z Accept? (y/N): 
2026-09-12T21:23:13.2419850Z 2/6: License android-googlexr-license:
2026-09-12T21:23:13.2420283Z ---------------------------------------
2026-09-12T21:23:13.2421492Z To get started with the Android XR Emulator System Image SDK, you must agree to the following terms and conditions. As described below, please note that this is a preview, emulated version of the Android XR OS, subject to change, that you use at your own risk.
2026-09-12T21:23:13.2422556Z 
2026-09-12T21:23:13.2422803Z This is the Android XR Emulator System Image SDK License Agreement
2026-09-12T21:23:13.2423171Z 
2026-09-12T21:23:13.2423495Z 1. Introduction
2026-09-12T21:23:13.2423722Z 
2026-09-12T21:23:13.2425520Z 1.1 The Android Android XR Emulator System Image SDK (referred to in the License Agreement as the "SDK" and specifically including the Android system files,, packaged APIs, library files (if and when they are made available), and Google applications and APIs add-ons) is licensed to you subject to the terms of the License Agreement. The License Agreement forms a legally binding contract between you and Google in relation to your use of the SDK.
2026-09-12T21:23:13.2427270Z 
2026-09-12T21:23:13.2428093Z 1.2 "Android" means the Android software stack for devices, as made available under the Android Open Source Project, which is located at the following URL: https://source.android.com/, as updated from time to time.
2026-09-12T21:23:13.2428999Z 
2026-09-12T21:23:13.2429805Z 1.3 "Google" means Google LLC, organized under the laws of the State of Delaware, USA, and operating under the laws of the USA with principal place of business at 1600 Amphitheatre Parkway, Mountain View, CA 94043, USA.
2026-09-12T21:23:13.2430698Z 
2026-09-12T21:23:13.2430882Z 2. Accepting this License Agreement
2026-09-12T21:23:13.2431137Z 
2026-09-12T21:23:13.2431661Z 2.1 In order to use the SDK, you must first agree to the License Agreement. You may not use the SDK if you do not accept the License Agreement.
2026-09-12T21:23:13.2432273Z 
2026-09-12T21:23:13.2432661Z 2.2 By clicking to accept and/or using this SDK, you hereby agree to the terms of the License Agreement.
2026-09-12T21:23:13.2433301Z 
2026-09-12T21:23:13.2434458Z 2.3 You may not use the SDK and may not accept the License Agreement if you are a person barred from receiving the SDK under the laws of the United States or other countries, including the country in which you are resident or from which you use the SDK.
2026-09-12T21:23:13.2435494Z 
2026-09-12T21:23:13.2436826Z 2.4 If you are agreeing to be bound by the License Agreement on behalf of your employer or other entity, you represent and warrant that you have full legal authority to bind your employer or such entity to the License Agreement. If you do not have the requisite authority, you may not accept the License Agreement or use the SDK on behalf of your employer or other entity.
2026-09-12T21:23:13.2438262Z 
2026-09-12T21:23:13.2438646Z 3. SDK License from Google
2026-09-12T21:23:13.2439007Z 
2026-09-12T21:23:13.2440015Z 3.1 Subject to the terms of the License Agreement, Google grants you a limited, worldwide, royalty-free, non-assignable, non-exclusive, and non-sublicensable license to use the SDK solely to develop applications for Android XR.
2026-09-12T21:23:13.2441187Z 
2026-09-12T21:23:13.2442076Z 3.2 You may not use this SDK to develop applications for other platforms or to develop another SDK. You are of course free to develop applications for other platforms provided that this SDK is not used for that purpose.
2026-09-12T21:23:13.2443181Z 
2026-09-12T21:23:13.2445170Z 3.3 You agree that Google or third parties own all legal right, title and interest in and to the SDK, including any Intellectual Property Rights that subsist in the SDK. "Intellectual Property Rights" means any and all rights under patent law, copyright law, trade secret law, trademark law, and any and all other proprietary rights. Google reserves all rights not expressly granted to you.
2026-09-12T21:23:13.2446938Z 
2026-09-12T21:23:13.2449143Z 3.4 You may not use the SDK for any purpose not expressly permitted by the License Agreement. Except to the extent required by applicable third party licenses, you may not (a) copy (except for backup purposes), modify, adapt, redistribute, decompile, reverse engineer, disassemble, or create derivative works of the SDK or any part of the SDK; or (b) load any part of the SDK onto a mobile handset or any other hardware device except a personal computer, combine any part of the SDK with other software, or distribute any software or device incorporating a part of the SDK.
2026-09-12T21:23:13.2464511Z 
2026-09-12T21:23:13.2466403Z 3.5 Use, reproduction and distribution of components of the SDK licensed under an open source software license are governed solely by the terms of that open source software license and not the License Agreement. You agree to remain a licensee in good standing in regard to such open source software licenses under all the rights granted and to refrain from any actions that may terminate, suspend, or breach such rights.
2026-09-12T21:23:13.2468124Z 
2026-09-12T21:23:13.2469691Z 3.6 You agree that the form and nature of the SDK that Google provides may change without prior notice to you and that future versions of the SDK may be incompatible with applications developed on previous versions of the SDK. You agree that Google may stop (permanently or temporarily) providing the SDK (or any features within the SDK) to you or to users generally at Google's sole discretion, without prior notice to you.
2026-09-12T21:23:13.2471339Z 
2026-09-12T21:23:13.2471990Z 3.7 Nothing in the License Agreement gives you a right to use any of Google's trade names, trademarks, service marks, logos, domain names, or other distinctive brand features.
2026-09-12T21:23:13.2472737Z 
2026-09-12T21:23:13.2473679Z 3.8 You agree that you will not remove, obscure, or alter any proprietary rights notices (including copyright and trademark notices) that may be affixed to or contained within the SDK.
2026-09-12T21:23:13.2474518Z 
2026-09-12T21:23:13.2474693Z 4. Use of the SDK by You
2026-09-12T21:23:13.2474922Z 
2026-09-12T21:23:13.2475905Z 4.1 Google agrees that it obtains no right, title or interest from you (or your licensors) under the License Agreement in or to any software applications that you develop using the SDK, including any intellectual property rights that subsist in those applications.
2026-09-12T21:23:13.2477189Z 
2026-09-12T21:23:13.2478503Z 4.2 You agree to use the SDK and write applications only for purposes that are permitted by (a) the License Agreement and (b) any applicable law, regulation or generally accepted practices or guidelines in the relevant jurisdictions (including any laws regarding the export of data or software to and from the United States or other relevant countries).
2026-09-12T21:23:13.2480188Z 
2026-09-12T21:23:13.2483074Z 4.3 You agree that if you use the SDK to develop applications for general public users, you will protect the privacy and legal rights of those users. If the users provide you with user names, passwords, or other login information or personal information, you must make the users aware that the information will be available to your application, and you must provide legally adequate privacy notice and protection for those users. If your application stores personal or sensitive information provided by users, it must do so securely. If the user provides your application with Google Account information, your application may only use that information to access the user's Google Account when, and for the limited purposes for which, the user has given you permission to do so.
2026-09-12T21:23:13.2486692Z 
2026-09-12T21:23:13.2488084Z 4.4 You agree that you will not engage in any activity with the SDK, including the development or distribution of an application, that interferes with, disrupts, damages, or accesses in an unauthorized manner the servers, networks, or other properties or services of any third party including, but not limited to, Google or any mobile communications carrier.
2026-09-12T21:23:13.2489566Z 
2026-09-12T21:23:13.2490841Z 4.5 You agree that you are solely responsible for (and that Google has no responsibility to you or to any third party for) any data, content, or resources that you create, transmit or display through Android and/or applications for Android, and for the consequences of your actions (including any loss or damage which Google may suffer) by doing so.
2026-09-12T21:23:13.2492222Z 
2026-09-12T21:23:13.2493956Z 4.6 You agree that you are solely responsible for (and that Google has no responsibility to you or to any third party for) any breach of your obligations under the License Agreement, any applicable third party contract or Terms of Service, or any applicable law or regulation, and for the consequences (including any loss or damage which Google or any third party may suffer) of any such breach.
2026-09-12T21:23:13.2495543Z 
2026-09-12T21:23:13.2496803Z 4.7 The SDK is in development, and your testing and feedback are an important part of the development process. By using the SDK, you acknowledge that implementation of some features are still under development and that you should not rely on the SDK having the full functionality of a stable release.
2026-09-12T21:23:13.2498035Z 
2026-09-12T21:23:13.2498211Z 5. Your Developer Credentials
2026-09-12T21:23:13.2498464Z 
2026-09-12T21:23:13.2499530Z 5.1 You agree that you are responsible for maintaining the confidentiality of any developer credentials that may be issued to you by Google or which you may choose yourself and that you will be solely responsible for all applications that are developed under your developer credentials.
2026-09-12T21:23:13.2500706Z 
2026-09-12T21:23:13.2500873Z 6. Privacy and Information
2026-09-12T21:23:13.2501107Z 
2026-09-12T21:23:13.2502873Z 6.1 In order to continually innovate and improve the SDK, Google may collect certain usage statistics from the software including but not limited to a unique identifier, associated IP address, version number of the software, and information on which tools and/or services in the SDK are being used and how they are being used. Before any of this information is collected, the SDK will notify you and seek your consent. If you withhold consent, the information will not be collected.
2026-09-12T21:23:13.2505084Z 
2026-09-12T21:23:13.2505892Z 6.2 The data collected is examined in the aggregate to improve the SDK and is maintained in accordance with Google's Privacy Policy, which is located at the following URL: https://policies.google.com/privacy
2026-09-12T21:23:13.2506792Z 
2026-09-12T21:23:13.2507182Z 6.3 Anonymized and aggregated sets of the data may be shared with Google partners to improve the SDK.
2026-09-12T21:23:13.2507685Z 
2026-09-12T21:23:13.2507862Z 7. Third Party Applications
2026-09-12T21:23:13.2508102Z 
2026-09-12T21:23:13.2510263Z 7.1 If you use the SDK to run applications developed by a third party or that access data, content or resources provided by a third party, you agree that Google is not responsible for those applications, data, content, or resources. You understand that all data, content or resources which you may access through such third party applications are the sole responsibility of the person from which they originated and that Google is not liable for any loss or damage that you may experience as a result of the use or access of any of those third party applications, data, content, or resources.
2026-09-12T21:23:13.2512505Z 
2026-09-12T21:23:13.2514503Z 7.2 You should be aware that the data, content, and resources presented to you through such a third party application may be protected by intellectual property rights which are owned by the providers (or by other persons or companies on their behalf). You may not modify, rent, lease, loan, sell, distribute or create derivative works based on these data, content, or resources (either in whole or in part) unless you have been specifically given permission to do so by the relevant owners.
2026-09-12T21:23:13.2516393Z 
2026-09-12T21:23:13.2517403Z 7.3 You acknowledge that your use of such third party applications, data, content, or resources may be subject to separate terms between you and the relevant third party. In that case, the License Agreement does not affect your legal relationship with these third parties.
2026-09-12T21:23:13.2518518Z 
2026-09-12T21:23:13.2518680Z 8. Using Android APIs
2026-09-12T21:23:13.2518894Z 
2026-09-12T21:23:13.2519049Z 8.1 Google Data APIs
2026-09-12T21:23:13.2519255Z 
2026-09-12T21:23:13.2521055Z 8.1.1 If you use any API to retrieve data from Google, you acknowledge that the data may be protected by intellectual property rights which are owned by Google or those parties that provide the data (or by other persons or companies on their behalf). Your use of any such API may be subject to additional Terms of Service. You may not modify, rent, lease, loan, sell, distribute or create derivative works based on this data (either in whole or in part) unless allowed by the relevant Terms of Service.
2026-09-12T21:23:13.2523077Z 
2026-09-12T21:23:13.2526396Z 8.1.2 If you use any API to retrieve a user's data from Google, you acknowledge and agree that you shall retrieve data only with the user's explicit consent and only when, and for the limited purposes for which, the user has given you permission to do so. If you use the Android Recognition Service API, documented at the following URL: https://developer.android.com/reference/android/speech/RecognitionService, as updated from time to time, you acknowledge that the use of the API is subject to the Data Processing Addendum for Products where Google is a Data Processor, which is located at the following URL: https://privacy.google.com/businesses/gdprprocessorterms/, as updated from time to time. By clicking to accept, you hereby agree to the terms of the Data Processing Addendum for Products where Google is a Data Processor.
2026-09-12T21:23:13.2529568Z 
2026-09-12T21:23:13.2529751Z 9. Terminating this License Agreement
2026-09-12T21:23:13.2530022Z 
2026-09-12T21:23:13.2530439Z 9.1 The License Agreement will continue to apply until terminated by either you or Google as set out below.
2026-09-12T21:23:13.2530972Z 
2026-09-12T21:23:13.2531476Z 9.2 If you want to terminate the License Agreement, you may do so by ceasing your use of the SDK and any relevant developer credentials.
2026-09-12T21:23:13.2532194Z 
2026-09-12T21:23:13.2534749Z 9.3 Google may at any time, terminate the License Agreement with you if: (A) you have breached any provision of the License Agreement; or (B) Google is required to do so by law; or (C) the partner with whom Google offered certain parts of SDK (such as APIs) to you has terminated its relationship with Google or ceased to offer certain parts of the SDK to you; or (D) Google decides to no longer provide the SDK or certain parts of the SDK to users in the country in which you are resident or from which you use the service, or the provision of the SDK or certain SDK services to you by Google is, in Google's sole discretion, no longer commercially viable.
2026-09-12T21:23:13.2537144Z 
2026-09-12T21:23:13.2538775Z 9.4 When the License Agreement comes to an end, all of the legal rights, obligations and liabilities that you and Google have benefited from, been subject to (or which have accrued over time whilst the License Agreement has been in force) or which are expressed to continue indefinitely, shall be unaffected by this cessation, and the provisions of paragraph 14.7 shall continue to apply to such rights, obligations and liabilities indefinitely.
2026-09-12T21:23:13.2540521Z 
2026-09-12T21:23:13.2540694Z 10. DISCLAIMER OF WARRANTIES
2026-09-12T21:23:13.2540933Z 
2026-09-12T21:23:13.2541588Z 10.1 YOU EXPRESSLY UNDERSTAND AND AGREE THAT YOUR USE OF THE SDK IS AT YOUR SOLE RISK AND THAT THE SDK IS PROVIDED "AS IS" AND "AS AVAILABLE" WITHOUT WARRANTY OF ANY KIND FROM GOOGLE.
2026-09-12T21:23:13.2542337Z 
2026-09-12T21:23:13.2543692Z 10.2 YOUR USE OF THE SDK AND ANY MATERIAL DOWNLOADED OR OTHERWISE OBTAINED THROUGH THE USE OF THE SDK IS AT YOUR OWN DISCRETION AND RISK AND YOU ARE SOLELY RESPONSIBLE FOR ANY DAMAGE TO YOUR COMPUTER SYSTEM OR OTHER DEVICE OR LOSS OF DATA THAT RESULTS FROM SUCH USE.
2026-09-12T21:23:13.2544785Z 
2026-09-12T21:23:13.2545778Z 10.3 GOOGLE FURTHER EXPRESSLY DISCLAIMS ALL WARRANTIES AND CONDITIONS OF ANY KIND, WHETHER EXPRESS OR IMPLIED, INCLUDING, BUT NOT LIMITED TO THE IMPLIED WARRANTIES AND CONDITIONS OF MERCHANTABILITY, FITNESS FOR A PARTICULAR PURPOSE AND NON-INFRINGEMENT.
2026-09-12T21:23:13.2546861Z 
2026-09-12T21:23:13.2547032Z 11. LIMITATION OF LIABILITY
2026-09-12T21:23:13.2547267Z 
2026-09-12T21:23:13.2549021Z 11.1 YOU EXPRESSLY UNDERSTAND AND AGREE THAT GOOGLE, ITS SUBSIDIARIES AND AFFILIATES, AND ITS LICENSORS SHALL NOT BE LIABLE TO YOU UNDER ANY THEORY OF LIABILITY FOR ANY DIRECT, INDIRECT, INCIDENTAL, SPECIAL, CONSEQUENTIAL OR EXEMPLARY DAMAGES THAT MAY BE INCURRED BY YOU, INCLUDING ANY LOSS OF DATA, WHETHER OR NOT GOOGLE OR ITS REPRESENTATIVES HAVE BEEN ADVISED OF OR SHOULD HAVE BEEN AWARE OF THE POSSIBILITY OF ANY SUCH LOSSES ARISING.
2026-09-12T21:23:13.2550747Z 
2026-09-12T21:23:13.2550907Z 12. Indemnification
2026-09-12T21:23:13.2551115Z 
2026-09-12T21:23:13.2553978Z 12.1 To the maximum extent permitted by law, you agree to defend, indemnify and hold harmless Google, its affiliates and their respective directors, officers, employees and agents from and against any and all claims, actions, suits or proceedings, as well as any and all losses, liabilities, damages, costs and expenses (including reasonable attorneys fees) arising out of or accruing from (a) your use of the SDK, (b) any application you develop on the SDK that infringes any copyright, trademark, trade secret, trade dress, patent or other intellectual property right of any person or defames any person or violates their rights of publicity or privacy, and (c) any non-compliance by you with the License Agreement.
2026-09-12T21:23:13.2556729Z 
2026-09-12T21:23:13.2556902Z 13. Changes to the License Agreement
2026-09-12T21:23:13.2557162Z 
2026-09-12T21:23:13.2558049Z 13.1 Google may make changes to the License Agreement as it distributes new versions of the SDK. When these changes are made, Google will make a new version of the License Agreement available on the website where the SDK is made available.
2026-09-12T21:23:13.2559193Z 
2026-09-12T21:23:13.2559354Z 14. General Legal Terms
2026-09-12T21:23:13.2559572Z 
2026-09-12T21:23:13.2560712Z 14.1 The License Agreement constitutes the whole legal agreement between you and Google and governs your use of the SDK (excluding any services which Google may provide to you under a separate written agreement), and completely replaces any prior agreements between you and Google in relation to the SDK.
2026-09-12T21:23:13.2561957Z 
2026-09-12T21:23:13.2563129Z 14.2 You agree that if Google does not exercise or enforce any legal right or remedy which is contained in the License Agreement (or which Google has the benefit of under any applicable law), this will not be taken to be a formal waiver of Google's rights and that those rights or remedies will still be available to Google.
2026-09-12T21:23:13.2564637Z 
2026-09-12T21:23:13.2565921Z 14.3 If any court of law, having the jurisdiction to decide on this matter, rules that any provision of the License Agreement is invalid, then that provision will be removed from the License Agreement without affecting the rest of the License Agreement. The remaining provisions of the License Agreement will continue to be valid and enforceable.
2026-09-12T21:23:13.2567312Z 
2026-09-12T21:23:13.2568941Z 14.4 You acknowledge and agree that each member of the group of companies of which Google is the parent shall be third party beneficiaries to the License Agreement and that such other companies shall be entitled to directly enforce, and rely upon, any provision of the License Agreement that confers a benefit on (or rights in favor of) them. Other than this, no other person or company shall be third party beneficiaries to the License Agreement.
2026-09-12T21:23:13.2570661Z 
2026-09-12T21:23:13.2571661Z 14.5 EXPORT RESTRICTIONS. THE SDK IS SUBJECT TO UNITED STATES EXPORT LAWS AND REGULATIONS. YOU MUST COMPLY WITH ALL DOMESTIC AND INTERNATIONAL EXPORT LAWS AND REGULATIONS THAT APPLY TO THE SDK. THESE LAWS INCLUDE RESTRICTIONS ON DESTINATIONS, END USERS AND END USE.
2026-09-12T21:23:13.2572758Z 
2026-09-12T21:23:13.2574250Z 14.6 The rights granted in the License Agreement may not be assigned or transferred by either you or Google without the prior written approval of the other party. Neither you nor Google shall be permitted to delegate their responsibilities or obligations under the License Agreement without the prior written approval of the other party.
2026-09-12T21:23:13.2575620Z 
2026-09-12T21:23:13.2577830Z 14.7 The License Agreement, and your relationship with Google under the License Agreement, shall be governed by the laws of the State of California without regard to its conflict of laws provisions. You and Google agree to submit to the exclusive jurisdiction of the courts located within the county of Santa Clara, California to resolve any legal matter arising from the License Agreement. Notwithstanding this, you agree that Google shall still be allowed to apply for injunctive remedies (or an equivalent type of urgent legal relief) in any jurisdiction.
2026-09-12T21:23:13.2580179Z ---------------------------------------
2026-09-12T21:23:13.2580588Z Accept? (y/N): 
2026-09-12T21:23:13.2580969Z 3/6: License android-sdk-arm-dbt-license:
2026-09-12T21:23:13.2581404Z ---------------------------------------
2026-09-12T21:23:13.2581807Z Terms and Conditions
2026-09-12T21:23:13.2582016Z 
2026-09-12T21:23:13.2582250Z This is the Android Software Development Kit License Agreement
2026-09-12T21:23:13.2582602Z 
2026-09-12T21:23:13.2582750Z 1. Introduction
2026-09-12T21:23:13.2582942Z 
2026-09-12T21:23:13.2584487Z 1.1 The Android Software Development Kit (referred to in the License Agreement as the "SDK" and specifically including the Android system files, packaged APIs, and Google APIs add-ons) is licensed to you subject to the terms of the License Agreement. The License Agreement forms a legally binding contract between you and Google in relation to your use of the SDK.
2026-09-12T21:23:13.2586075Z 
2026-09-12T21:23:13.2586881Z 1.2 "Android" means the Android software stack for devices, as made available under the Android Open Source Project, which is located at the following URL: http://source.android.com/, as updated from time to time.
2026-09-12T21:23:13.2587785Z 
2026-09-12T21:23:13.2589097Z 1.3 A "compatible implementation" means any Android device that (i) complies with the Android Compatibility Definition document, which can be found at the Android compatibility website (http://source.android.com/compatibility) and which may be updated from time to time; and (ii) successfully passes the Android Compatibility Test Suite (CTS).
2026-09-12T21:23:13.2590495Z 
2026-09-12T21:23:13.2591097Z 1.4 "Google" means Google Inc., a Delaware corporation with principal place of business at 1600 Amphitheatre Parkway, Mountain View, CA 94043, United States.
2026-09-12T21:23:13.2591809Z 
2026-09-12T21:23:13.2591813Z 
2026-09-12T21:23:13.2591984Z 2. Accepting the License Agreement
2026-09-12T21:23:13.2592254Z 
2026-09-12T21:23:13.2592764Z 2.1 In order to use the SDK, you must first agree to the License Agreement. You may not use the SDK if you do not accept the License Agreement.
2026-09-12T21:23:13.2593574Z 
2026-09-12T21:23:13.2593888Z 2.2 By clicking to accept, you hereby agree to the terms of the License Agreement.
2026-09-12T21:23:13.2594314Z 
2026-09-12T21:23:13.2595230Z 2.3 You may not use the SDK and may not accept the License Agreement if you are a person barred from receiving the SDK under the laws of the United States or other countries, including the country in which you are resident or from which you use the SDK.
2026-09-12T21:23:13.2596237Z 
2026-09-12T21:23:13.2598175Z 2.4 If you are agreeing to be bound by the License Agreement on behalf of your employer or other entity, you represent and warrant that you have full legal authority to bind your employer or such entity to the License Agreement. If you do not have the requisite authority, you may not accept the License Agreement or use the SDK on behalf of your employer or other entity.
2026-09-12T21:23:13.2599979Z 
2026-09-12T21:23:13.2599989Z 
2026-09-12T21:23:13.2600164Z 3. SDK License from Google
2026-09-12T21:23:13.2600399Z 
2026-09-12T21:23:13.2601381Z 3.1 Subject to the terms of the License Agreement, Google grants you a limited, worldwide, royalty-free, non-assignable, non-exclusive, and non-sublicensable license to use the SDK solely to develop applications for compatible implementations of Android.
2026-09-12T21:23:13.2602455Z 
2026-09-12T21:23:13.2604153Z 3.2 You may not use this SDK to develop applications for other platforms (including non-compatible implementations of Android) or to develop another SDK. You are of course free to develop applications for other platforms, including non-compatible implementations of Android, provided that this SDK is not used for that purpose.
2026-09-12T21:23:13.2605557Z 
2026-09-12T21:23:13.2607029Z 3.3 You agree that Google or third parties own all legal right, title and interest in and to the SDK, including any Intellectual Property Rights that subsist in the SDK. "Intellectual Property Rights" means any and all rights under patent law, copyright law, trade secret law, trademark law, and any and all other proprietary rights. Google reserves all rights not expressly granted to you.
2026-09-12T21:23:13.2608574Z 
2026-09-12T21:23:13.2609833Z 3.4 You may not use the SDK for any purpose not expressly permitted by the License Agreement. Except to the extent required by applicable third party licenses, you may not copy (except for backup purposes), modify, adapt, redistribute, decompile, reverse engineer, disassemble, or create derivative works of the SDK or any part of the SDK.
2026-09-12T21:23:13.2611197Z 
2026-09-12T21:23:13.2611988Z 3.5 Use, reproduction and distribution of components of the SDK licensed under an open source software license are governed solely by the terms of that open source software license and not the License Agreement.
2026-09-12T21:23:13.2612884Z 
2026-09-12T21:23:13.2615460Z 3.6 You agree that the form and nature of the SDK that Google provides may change without prior notice to you and that future versions of the SDK may be incompatible with applications developed on previous versions of the SDK. You agree that Google may stop (permanently or temporarily) providing the SDK (or any features within the SDK) to you or to users generally at Google's sole discretion, without prior notice to you.
2026-09-12T21:23:13.2618659Z 
2026-09-12T21:23:13.2619835Z 3.7 Nothing in the License Agreement gives you a right to use any of Google's trade names, trademarks, service marks, logos, domain names, or other distinctive brand features.
2026-09-12T21:23:13.2621208Z 
2026-09-12T21:23:13.2622485Z 3.8 You agree that you will not remove, obscure, or alter any proprietary rights notices (including copyright and trademark notices) that may be affixed to or contained within the SDK.
2026-09-12T21:23:13.2624196Z 
2026-09-12T21:23:13.2624202Z 
2026-09-12T21:23:13.2624486Z 4. Use of the SDK by You
2026-09-12T21:23:13.2624888Z 
2026-09-12T21:23:13.2626631Z 4.1 Google agrees that it obtains no right, title or interest from you (or your licensors) under the License Agreement in or to any software applications that you develop using the SDK, including any intellectual property rights that subsist in those applications.
2026-09-12T21:23:13.2628602Z 
2026-09-12T21:23:13.2631068Z 4.2 You agree to use the SDK and write applications only for purposes that are permitted by (a) the License Agreement and (b) any applicable law, regulation or generally accepted practices or guidelines in the relevant jurisdictions (including any laws regarding the export of data or software to and from the United States or other relevant countries).
2026-09-12T21:23:13.2633889Z 
2026-09-12T21:23:13.2639228Z 4.3 You agree that if you use the SDK to develop applications for general public users, you will protect the privacy and legal rights of those users. If the users provide you with user names, passwords, or other login information or personal information, you must make the users aware that the information will be available to your application, and you must provide legally adequate privacy notice and protection for those users. If your application stores personal or sensitive information provided by users, it must do so securely. If the user provides your application with Google Account information, your application may only use that information to access the user's Google Account when, and for the limited purposes for which, the user has given you permission to do so.
2026-09-12T21:23:13.2644967Z 
2026-09-12T21:23:13.2647601Z 4.4 You agree that you will not engage in any activity with the SDK, including the development or distribution of an application, that interferes with, disrupts, damages, or accesses in an unauthorized manner the servers, networks, or other properties or services of any third party including, but not limited to, Google or any mobile communications carrier.
2026-09-12T21:23:13.2650260Z 
2026-09-12T21:23:13.2652645Z 4.5 You agree that you are solely responsible for (and that Google has no responsibility to you or to any third party for) any data, content, or resources that you create, transmit or display through Android and/or applications for Android, and for the consequences of your actions (including any loss or damage which Google may suffer) by doing so.
2026-09-12T21:23:13.2655366Z 
2026-09-12T21:23:13.2658066Z 4.6 You agree that you are solely responsible for (and that Google has no responsibility to you or to any third party for) any breach of your obligations under the License Agreement, any applicable third party contract or Terms of Service, or any applicable law or regulation, and for the consequences (including any loss or damage which Google or any third party may suffer) of any such breach.
2026-09-12T21:23:13.2660917Z 
2026-09-12T21:23:13.2664135Z 4.7 This software enables the execution of intellectual property owned by Arm Limited. You agree that your use of the software, that allows execution of ARM Instruction Set Architecture (“ISA”) compliant executables for application development and debug only on x86 desktop, laptop, customer on-premise servers, and customer-procured cloud-based environments.
2026-09-12T21:23:13.2666973Z 
2026-09-12T21:23:13.2667255Z 5. Your Developer Credentials
2026-09-12T21:23:13.2667656Z 
2026-09-12T21:23:13.2669571Z 5.1 You agree that you are responsible for maintaining the confidentiality of any developer credentials that may be issued to you by Google or which you may choose yourself and that you will be solely responsible for all applications that are developed under your developer credentials.
2026-09-12T21:23:13.2671684Z 
2026-09-12T21:23:13.2671966Z 6. Privacy and Information
2026-09-12T21:23:13.2672347Z 
2026-09-12T21:23:13.2675794Z 6.1 In order to continually innovate and improve the SDK, Google may collect certain usage statistics from the software including but not limited to a unique identifier, associated IP address, version number of the software, and information on which tools and/or services in the SDK are being used and how they are being used. Before any of this information is collected, the SDK will notify you and seek your consent. If you withhold consent, the information will not be collected.
2026-09-12T21:23:13.2679298Z 
2026-09-12T21:23:13.2680191Z 6.2 The data collected is examined in the aggregate to improve the SDK and is maintained in accordance with Google's Privacy Policy.
2026-09-12T21:23:13.2681277Z 
2026-09-12T21:23:13.2681284Z 
2026-09-12T21:23:13.2681574Z 7. Third Party Applications
2026-09-12T21:23:13.2681982Z 
2026-09-12T21:23:13.2686215Z 7.1 If you use the SDK to run applications developed by a third party or that access data, content or resources provided by a third party, you agree that Google is not responsible for those applications, data, content, or resources. You understand that all data, content or resources which you may access through such third party applications are the sole responsibility of the person from which they originated and that Google is not liable for any loss or damage that you may experience as a result of the use or access of any of those third party applications, data, content, or resources.
2026-09-12T21:23:13.2690463Z 
2026-09-12T21:23:13.2694056Z 7.2 You should be aware the data, content, and resources presented to you through such a third party application may be protected by intellectual property rights which are owned by the providers (or by other persons or companies on their behalf). You may not modify, rent, lease, loan, sell, distribute or create derivative works based on these data, content, or resources (either in whole or in part) unless you have been specifically given permission to do so by the relevant owners.
2026-09-12T21:23:13.2697564Z 
2026-09-12T21:23:13.2699615Z 7.3 You acknowledge that your use of such third party applications, data, content, or resources may be subject to separate terms between you and the relevant third party. In that case, the License Agreement does not affect your legal relationship with these third parties.
2026-09-12T21:23:13.2701690Z 
2026-09-12T21:23:13.2701696Z 
2026-09-12T21:23:13.2701972Z 8. Using Android APIs
2026-09-12T21:23:13.2702343Z 
2026-09-12T21:23:13.2702606Z 8.1 Google Data APIs
2026-09-12T21:23:13.2702984Z 
2026-09-12T21:23:13.2706519Z 8.1.1 If you use any API to retrieve data from Google, you acknowledge that the data may be protected by intellectual property rights which are owned by Google or those parties that provide the data (or by other persons or companies on their behalf). Your use of any such API may be subject to additional Terms of Service. You may not modify, rent, lease, loan, sell, distribute or create derivative works based on this data (either in whole or in part) unless allowed by the relevant Terms of Service.
2026-09-12T21:23:13.2710066Z 
2026-09-12T21:23:13.2715946Z 8.1.2 If you use any API to retrieve a user's data from Google, you acknowledge and agree that you shall retrieve data only with the user's explicit consent and only when, and for the limited purposes for which, the user has given you permission to do so. If you use the Android Recognition Service API, documented at the following URL: https://developer.android.com/reference/android/speech/RecognitionService, as updated from time to time, you acknowledge that the use of the API is subject to the Data Processing Addendum for Products where Google is a Data Processor, which is located at the following URL: https://privacy.google.com/businesses/gdprprocessorterms/, as updated from time to time. By clicking to accept, you hereby agree to the terms of the Data Processing Addendum for Products where Google is a Data Processor.
2026-09-12T21:23:13.2722099Z 
2026-09-12T21:23:13.2722106Z 
2026-09-12T21:23:13.2722423Z 9. Terminating the License Agreement
2026-09-12T21:23:13.2722882Z 
2026-09-12T21:23:13.2723819Z 9.1 The License Agreement will continue to apply until terminated by either you or Google as set out below.
2026-09-12T21:23:13.2724772Z 
2026-09-12T21:23:13.2725663Z 9.2 If you want to terminate the License Agreement, you may do so by ceasing your use of the SDK and any relevant developer credentials.
2026-09-12T21:23:13.2726767Z 
2026-09-12T21:23:13.2731052Z 9.3 Google may at any time, terminate the License Agreement with you if: (A) you have breached any provision of the License Agreement; or (B) Google is required to do so by law; or (C) the partner with whom Google offered certain parts of SDK (such as APIs) to you has terminated its relationship with Google or ceased to offer certain parts of the SDK to you; or (D) Google decides to no longer provide the SDK or certain parts of the SDK to users in the country in which you are resident or from which you use the service, or the provision of the SDK or certain SDK services to you by Google is, in Google's sole discretion, no longer commercially viable.
2026-09-12T21:23:13.2735726Z 
2026-09-12T21:23:13.2738646Z 9.4 When the License Agreement comes to an end, all of the legal rights, obligations and liabilities that you and Google have benefited from, been subject to (or which have accrued over time whilst the License Agreement has been in force) or which are expressed to continue indefinitely, shall be unaffected by this cessation, and the provisions of paragraph 14.7 shall continue to apply to such rights, obligations and liabilities indefinitely.
2026-09-12T21:23:13.2740678Z 
2026-09-12T21:23:13.2740684Z 
2026-09-12T21:23:13.2740881Z 10. DISCLAIMER OF WARRANTIES
2026-09-12T21:23:13.2741133Z 
2026-09-12T21:23:13.2742222Z 10.1 YOU EXPRESSLY UNDERSTAND AND AGREE THAT YOUR USE OF THE SDK IS AT YOUR SOLE RISK AND THAT THE SDK IS PROVIDED "AS IS" AND "AS AVAILABLE" WITHOUT WARRANTY OF ANY KIND FROM GOOGLE.
2026-09-12T21:23:13.2743116Z 
2026-09-12T21:23:13.2744562Z 10.2 YOUR USE OF THE SDK AND ANY MATERIAL DOWNLOADED OR OTHERWISE OBTAINED THROUGH THE USE OF THE SDK IS AT YOUR OWN DISCRETION AND RISK AND YOU ARE SOLELY RESPONSIBLE FOR ANY DAMAGE TO YOUR COMPUTER SYSTEM OR OTHER DEVICE OR LOSS OF DATA THAT RESULTS FROM SUCH USE.
2026-09-12T21:23:13.2745661Z 
2026-09-12T21:23:13.2746646Z 10.3 GOOGLE FURTHER EXPRESSLY DISCLAIMS ALL WARRANTIES AND CONDITIONS OF ANY KIND, WHETHER EXPRESS OR IMPLIED, INCLUDING, BUT NOT LIMITED TO THE IMPLIED WARRANTIES AND CONDITIONS OF MERCHANTABILITY, FITNESS FOR A PARTICULAR PURPOSE AND NON-INFRINGEMENT.
2026-09-12T21:23:13.2747724Z 
2026-09-12T21:23:13.2747729Z 
2026-09-12T21:23:13.2747901Z 11. LIMITATION OF LIABILITY
2026-09-12T21:23:13.2748126Z 
2026-09-12T21:23:13.2749752Z 11.1 YOU EXPRESSLY UNDERSTAND AND AGREE THAT GOOGLE, ITS SUBSIDIARIES AND AFFILIATES, AND ITS LICENSORS SHALL NOT BE LIABLE TO YOU UNDER ANY THEORY OF LIABILITY FOR ANY DIRECT, INDIRECT, INCIDENTAL, SPECIAL, CONSEQUENTIAL OR EXEMPLARY DAMAGES THAT MAY BE INCURRED BY YOU, INCLUDING ANY LOSS OF DATA, WHETHER OR NOT GOOGLE OR ITS REPRESENTATIVES HAVE BEEN ADVISED OF OR SHOULD HAVE BEEN AWARE OF THE POSSIBILITY OF ANY SUCH LOSSES ARISING.
2026-09-12T21:23:13.2751462Z 
2026-09-12T21:23:13.2751467Z 
2026-09-12T21:23:13.2751621Z 12. Indemnification
2026-09-12T21:23:13.2751943Z 
2026-09-12T21:23:13.2754815Z 12.1 To the maximum extent permitted by law, you agree to defend, indemnify and hold harmless Google, its affiliates and their respective directors, officers, employees and agents from and against any and all claims, actions, suits or proceedings, as well as any and all losses, liabilities, damages, costs and expenses (including reasonable attorneys fees) arising out of or accruing from (a) your use of the SDK, (b) any application you develop on the SDK that infringes any copyright, trademark, trade secret, trade dress, patent or other intellectual property right of any person or defames any person or violates their rights of publicity or privacy, and (c) any non-compliance by you with the License Agreement.
2026-09-12T21:23:13.2757558Z 
2026-09-12T21:23:13.2757562Z 
2026-09-12T21:23:13.2757745Z 13. Changes to the License Agreement
2026-09-12T21:23:13.2758002Z 
2026-09-12T21:23:13.2758889Z 13.1 Google may make changes to the License Agreement as it distributes new versions of the SDK. When these changes are made, Google will make a new version of the License Agreement available on the website where the SDK is made available.
2026-09-12T21:23:13.2759878Z 
2026-09-12T21:23:13.2759882Z 
2026-09-12T21:23:13.2760042Z 14. General Legal Terms
2026-09-12T21:23:13.2760260Z 
2026-09-12T21:23:13.2761401Z 14.1 The License Agreement constitutes the whole legal agreement between you and Google and governs your use of the SDK (excluding any services which Google may provide to you under a separate written agreement), and completely replaces any prior agreements between you and Google in relation to the SDK.
2026-09-12T21:23:13.2762639Z 
2026-09-12T21:23:13.2763996Z 14.2 You agree that if Google does not exercise or enforce any legal right or remedy which is contained in the License Agreement (or which Google has the benefit of under any applicable law), this will not be taken to be a formal waiver of Google's rights and that those rights or remedies will still be available to Google.
2026-09-12T21:23:13.2765272Z 
2026-09-12T21:23:13.2766543Z 14.3 If any court of law, having the jurisdiction to decide on this matter, rules that any provision of the License Agreement is invalid, then that provision will be removed from the License Agreement without affecting the rest of the License Agreement. The remaining provisions of the License Agreement will continue to be valid and enforceable.
2026-09-12T21:23:13.2767910Z 
2026-09-12T21:23:13.2769673Z 14.4 You acknowledge and agree that each member of the group of companies of which Google is the parent shall be third party beneficiaries to the License Agreement and that such other companies shall be entitled to directly enforce, and rely upon, any provision of the License Agreement that confers a benefit on (or rights in favor of) them. Other than this, no other person or company shall be third party beneficiaries to the License Agreement.
2026-09-12T21:23:13.2771399Z 
2026-09-12T21:23:13.2772391Z 14.5 EXPORT RESTRICTIONS. THE SDK IS SUBJECT TO UNITED STATES EXPORT LAWS AND REGULATIONS. YOU MUST COMPLY WITH ALL DOMESTIC AND INTERNATIONAL EXPORT LAWS AND REGULATIONS THAT APPLY TO THE SDK. THESE LAWS INCLUDE RESTRICTIONS ON DESTINATIONS, END USERS AND END USE.
2026-09-12T21:23:13.2773696Z 
2026-09-12T21:23:13.2774989Z 14.6 The rights granted in the License Agreement may not be assigned or transferred by either you or Google without the prior written approval of the other party. Neither you nor Google shall be permitted to delegate their responsibilities or obligations under the License Agreement without the prior written approval of the other party.
2026-09-12T21:23:13.2776361Z 
2026-09-12T21:23:13.2778437Z 14.7 The License Agreement, and your relationship with Google under the License Agreement, shall be governed by the laws of the State of California without regard to its conflict of laws provisions. You and Google agree to submit to the exclusive jurisdiction of the courts located within the county of Santa Clara, California to resolve any legal matter arising from the License Agreement. Notwithstanding this, you agree that Google shall still be allowed to apply for injunctive remedies (or an equivalent type of urgent legal relief) in any jurisdiction.
2026-09-12T21:23:13.2780741Z 
2026-09-12T21:23:13.2780745Z 
2026-09-12T21:23:13.2780901Z January 16, 2019
2026-09-12T21:23:13.2781261Z ---------------------------------------
2026-09-12T21:23:13.2781670Z Accept? (y/N): 
2026-09-12T21:23:13.2782054Z 4/6: License android-sdk-preview-license:
2026-09-12T21:23:13.2782494Z ---------------------------------------
2026-09-12T21:23:13.2784414Z To get started with the Android SDK Preview, you must agree to the following terms and conditions. As described below, please note that this is a preview version of the Android SDK, subject to change, that you use at your own risk. The Android SDK Preview is not a stable release, and may contain errors and defects that can result in serious damage to your computer systems, devices and data.
2026-09-12T21:23:13.2785939Z 
2026-09-12T21:23:13.2786233Z This is the Android SDK Preview License Agreement (the "License Agreement").
2026-09-12T21:23:13.2786637Z 
2026-09-12T21:23:13.2786795Z 1. Introduction
2026-09-12T21:23:13.2786985Z 
2026-09-12T21:23:13.2788779Z 1.1 The Android SDK Preview (referred to in the License Agreement as the “Preview” and specifically including the Android system files, packaged APIs, and Preview library files, if and when they are made available) is licensed to you subject to the terms of the License Agreement. The License Agreement forms a legally binding contract between you and Google in relation to your use of the Preview.
2026-09-12T21:23:13.2790372Z 
2026-09-12T21:23:13.2791190Z 1.2 "Android" means the Android software stack for devices, as made available under the Android Open Source Project, which is located at the following URL: http://source.android.com/, as updated from time to time.
2026-09-12T21:23:13.2792090Z 
2026-09-12T21:23:13.2792684Z 1.3 "Google" means Google Inc., a Delaware corporation with principal place of business at 1600 Amphitheatre Parkway, Mountain View, CA 94043, United States.
2026-09-12T21:23:13.2793596Z 
2026-09-12T21:23:13.2793779Z 2. Accepting the License Agreement
2026-09-12T21:23:13.2794035Z 
2026-09-12T21:23:13.2794588Z 2.1 In order to use the Preview, you must first agree to the License Agreement. You may not use the Preview if you do not accept the License Agreement.
2026-09-12T21:23:13.2795239Z 
2026-09-12T21:23:13.2795634Z 2.2 By clicking to accept and/or using the Preview, you hereby agree to the terms of the License Agreement.
2026-09-12T21:23:13.2796136Z 
2026-09-12T21:23:13.2797234Z 2.3 You may not use the Preview and may not accept the License Agreement if you are a person barred from receiving the Preview under the laws of the United States or other countries including the country in which you are resident or from which you use the Preview.
2026-09-12T21:23:13.2798311Z 
2026-09-12T21:23:13.2800283Z 2.4 If you will use the Preview internally within your company or organization you agree to be bound by the License Agreement on behalf of your employer or other entity, and you represent and warrant that you have full legal authority to bind your employer or such entity to the License Agreement. If you do not have the requisite authority, you may not accept the License Agreement or use the Preview on behalf of your employer or other entity.
2026-09-12T21:23:13.2802494Z 
2026-09-12T21:23:13.2802675Z 3. Preview License from Google
2026-09-12T21:23:13.2802918Z 
2026-09-12T21:23:13.2804652Z 3.1 Subject to the terms of the License Agreement, Google grants you a royalty-free, non-assignable, non-exclusive, non-sublicensable, limited, revocable license to use the Preview, personally or internally within your company or organization, solely to develop applications to run on the Android platform.
2026-09-12T21:23:13.2805977Z 
2026-09-12T21:23:13.2807469Z 3.2 You agree that Google or third parties owns all legal right, title and interest in and to the Preview, including any Intellectual Property Rights that subsist in the Preview. "Intellectual Property Rights" means any and all rights under patent law, copyright law, trade secret law, trademark law, and any and all other proprietary rights. Google reserves all rights not expressly granted to you.
2026-09-12T21:23:13.2809213Z 
2026-09-12T21:23:13.2811418Z 3.3 You may not use the Preview for any purpose not expressly permitted by the License Agreement. Except to the extent required by applicable third party licenses, you may not: (a) copy (except for backup purposes), modify, adapt, redistribute, decompile, reverse engineer, disassemble, or create derivative works of the Preview or any part of the Preview; or (b) load any part of the Preview onto a mobile handset or any other hardware device except a personal computer, combine any part of the Preview with other software, or distribute any software or device incorporating a part of the Preview.
2026-09-12T21:23:13.2813936Z 
2026-09-12T21:23:13.2815620Z 3.4 You agree that you will not take any actions that may cause or result in the fragmentation of Android, including but not limited to distributing, participating in the creation of, or promoting in any way a software development kit derived from the Preview.
2026-09-12T21:23:13.2816711Z 
2026-09-12T21:23:13.2818294Z 3.5 Use, reproduction and distribution of components of the Preview licensed under an open source software license are governed solely by the terms of that open source software license and not the License Agreement. You agree to remain a licensee in good standing in regard to such open source software licenses under all the rights granted and to refrain from any actions that may terminate, suspend, or breach such rights.
2026-09-12T21:23:13.2819950Z 
2026-09-12T21:23:13.2821593Z 3.6 You agree that the form and nature of the Preview that Google provides may change without prior notice to you and that future versions of the Preview may be incompatible with applications developed on previous versions of the Preview. You agree that Google may stop (permanently or temporarily) providing the Preview (or any features within the Preview) to you or to users generally at Google's sole discretion, without prior notice to you.
2026-09-12T21:23:13.2823545Z 
2026-09-12T21:23:13.2824346Z 3.7 Nothing in the License Agreement gives you a right to use any of Google's trade names, trademarks, service marks, logos, domain names, or other distinctive brand features.
2026-09-12T21:23:13.2825126Z 
2026-09-12T21:23:13.2825835Z 3.8 You agree that you will not remove, obscure, or alter any proprietary rights notices (including copyright and trademark notices) that may be affixed to or contained within the Preview.
2026-09-12T21:23:13.2826647Z 
2026-09-12T21:23:13.2826826Z 4. Use of the Preview by You
2026-09-12T21:23:13.2827057Z 
2026-09-12T21:23:13.2829077Z 4.1 Google agrees that nothing in the License Agreement gives Google any right, title or interest from you (or your licensors) under the License Agreement in or to any software applications that you develop using the Preview, including any intellectual property rights that subsist in those applications.
2026-09-12T21:23:13.2830385Z 
2026-09-12T21:23:13.2831740Z 4.2 You agree to use the Preview and write applications only for purposes that are permitted by (a) the License Agreement, and (b) any applicable law, regulation or generally accepted practices or guidelines in the relevant jurisdictions (including any laws regarding the export of data or software to and from the United States or other relevant countries).
2026-09-12T21:23:13.2833232Z 
2026-09-12T21:23:13.2836198Z 4.3 You agree that if you use the Preview to develop applications, you will protect the privacy and legal rights of users. If users provide you with user names, passwords, or other login information or personal information, you must make the users aware that the information will be available to your application, and you must provide legally adequate privacy notice and protection for those users. If your application stores personal or sensitive information provided by users, it must do so securely. If users provide you with Google Account information, your application may only use that information to access the user's Google Account when, and for the limited purposes for which, each user has given you permission to do so.
2026-09-12T21:23:13.2839371Z 
2026-09-12T21:23:13.2841216Z 4.4 You agree that you will not engage in any activity with the Preview, including the development or distribution of an application, that interferes with, disrupts, damages, or accesses in an unauthorized manner the servers, networks, or other properties or services of Google or any third party.
2026-09-12T21:23:13.2842601Z 
2026-09-12T21:23:13.2844153Z 4.5 You agree that you are solely responsible for (and that Google has no responsibility to you or to any third party for) any data, content, or resources that you create, transmit or display through Android and/or applications for Android, and for the consequences of your actions (including any loss or damage which Google may suffer) by doing so.
2026-09-12T21:23:13.2845549Z 
2026-09-12T21:23:13.2846994Z 4.6 You agree that you are solely responsible for (and that Google has no responsibility to you or to any third party for) any breach of your obligations under the License Agreement, any applicable third party contract or Terms of Service, or any applicable law or regulation, and for the consequences (including any loss or damage which Google or any third party may suffer) of any such breach.
2026-09-12T21:23:13.2848626Z 
2026-09-12T21:23:13.2851054Z 4.7 The Preview is in development, and your testing and feedback are an important part of the development process. By using the Preview, you acknowledge that implementation of some features are still under development and that you should not rely on the Preview having the full functionality of a stable release. You agree not to publicly distribute or ship any application using this Preview as this Preview will no longer be supported after the official Android SDK is released.
2026-09-12T21:23:13.2852982Z 
2026-09-12T21:23:13.2853169Z 5. Your Developer Credentials
2026-09-12T21:23:13.2853653Z 
2026-09-12T21:23:13.2854746Z 5.1 You agree that you are responsible for maintaining the confidentiality of any developer credentials that may be issued to you by Google or which you may choose yourself and that you will be solely responsible for all applications that are developed under your developer credentials.
2026-09-12T21:23:13.2855928Z 
2026-09-12T21:23:13.2856090Z 6. Privacy and Information
2026-09-12T21:23:13.2856314Z 
2026-09-12T21:23:13.2858283Z 6.1 In order to continually innovate and improve the Preview, Google may collect certain usage statistics from the software including but not limited to a unique identifier, associated IP address, version number of the software, and information on which tools and/or services in the Preview are being used and how they are being used. Before any of this information is collected, the Preview will notify you and seek your consent. If you withhold consent, the information will not be collected.
2026-09-12T21:23:13.2860197Z 
2026-09-12T21:23:13.2860923Z 6.2 The data collected is examined in the aggregate to improve the Preview and is maintained in accordance with Google's Privacy Policy located at http://www.google.com/policies/privacy/.
2026-09-12T21:23:13.2861753Z 
2026-09-12T21:23:13.2861928Z 7. Third Party Applications
2026-09-12T21:23:13.2862159Z 
2026-09-12T21:23:13.2864616Z 7.1 If you use the Preview to run applications developed by a third party or that access data, content or resources provided by a third party, you agree that Google is not responsible for those applications, data, content, or resources. You understand that all data, content or resources which you may access through such third party applications are the sole responsibility of the person from which they originated and that Google is not liable for any loss or damage that you may experience as a result of the use or access of any of those third party applications, data, content, or resources.
2026-09-12T21:23:13.2867043Z 
2026-09-12T21:23:13.2868822Z 7.2 You should be aware the data, content, and resources presented to you through such a third party application may be protected by intellectual property rights which are owned by the providers (or by other persons or companies on their behalf). You may not modify, rent, lease, loan, sell, distribute or create derivative works based on these data, content, or resources (either in whole or in part) unless you have been specifically given permission to do so by the relevant owners.
2026-09-12T21:23:13.2870703Z 
2026-09-12T21:23:13.2871339Z 7.3 You acknowledge that your use of such third party applications, data, content, or resources may be subject to separate terms between you and the relevant third party.
2026-09-12T21:23:13.2872079Z 
2026-09-12T21:23:13.2872243Z 8. Using Google APIs
2026-09-12T21:23:13.2872445Z 
2026-09-12T21:23:13.2872601Z 8.1 Google APIs
2026-09-12T21:23:13.2872788Z 
2026-09-12T21:23:13.2874816Z 8.1.1 If you use any API to retrieve data from Google, you acknowledge that the data may be protected by intellectual property rights which are owned by Google or those parties that provide the data (or by other persons or companies on their behalf). Your use of any such API may be subject to additional Terms of Service. You may not modify, rent, lease, loan, sell, distribute or create derivative works based on this data (either in whole or in part) unless allowed by the relevant Terms of Service.
2026-09-12T21:23:13.2876736Z 
2026-09-12T21:23:13.2877657Z 8.1.2 If you use any API to retrieve a user's data from Google, you acknowledge and agree that you shall retrieve data only with the user's explicit consent and only when, and for the limited purposes for which, the user has given you permission to do so.
2026-09-12T21:23:13.2878677Z 
2026-09-12T21:23:13.2878855Z 9. Terminating the License Agreement
2026-09-12T21:23:13.2879116Z 
2026-09-12T21:23:13.2879533Z 9.1 the License Agreement will continue to apply until terminated by either you or Google as set out below.
2026-09-12T21:23:13.2880064Z 
2026-09-12T21:23:13.2880570Z 9.2 If you want to terminate the License Agreement, you may do so by ceasing your use of the Preview and any relevant developer credentials.
2026-09-12T21:23:13.2881180Z 
2026-09-12T21:23:13.2881572Z 9.3 Google may at any time, terminate the License Agreement, with or without cause, upon notice to you.
2026-09-12T21:23:13.2882065Z 
2026-09-12T21:23:13.2883290Z 9.4 The License Agreement will automatically terminate without notice or other action upon the earlier of: (A) when Google ceases to provide the Preview or certain parts of the Preview to users in the country in which you are resident or from which you use the service; and (B) Google issues a final release version of the Android SDK.
2026-09-12T21:23:13.2884822Z 
2026-09-12T21:23:13.2885874Z 9.5 When the License Agreement is terminated, the license granted to you in the License Agreement will terminate, you will immediately cease all use of the Preview, and the provisions of paragraphs 10, 11, 12 and 14 shall survive indefinitely.
2026-09-12T21:23:13.2886892Z 
2026-09-12T21:23:13.2887048Z 10. DISCLAIMERS
2026-09-12T21:23:13.2887244Z 
2026-09-12T21:23:13.2887931Z 10.1 YOU EXPRESSLY UNDERSTAND AND AGREE THAT YOUR USE OF THE PREVIEW IS AT YOUR SOLE RISK AND THAT THE PREVIEW IS PROVIDED "AS IS" AND "AS AVAILABLE" WITHOUT WARRANTY OF ANY KIND FROM GOOGLE.
2026-09-12T21:23:13.2888719Z 
2026-09-12T21:23:13.2890772Z 10.2 YOUR USE OF THE PREVIEW AND ANY MATERIAL DOWNLOADED OR OTHERWISE OBTAINED THROUGH THE USE OF THE PREVIEW IS AT YOUR OWN DISCRETION AND RISK AND YOU ARE SOLELY RESPONSIBLE FOR ANY DAMAGE TO YOUR COMPUTER SYSTEM OR OTHER DEVICE OR LOSS OF DATA THAT RESULTS FROM SUCH USE. WITHOUT LIMITING THE FOREGOING, YOU UNDERSTAND THAT THE PREVIEW IS NOT A STABLE RELEASE AND MAY CONTAIN ERRORS, DEFECTS AND SECURITY VULNERABILITIES THAT CAN RESULT IN SIGNIFICANT DAMAGE, INCLUDING THE COMPLETE, IRRECOVERABLE LOSS OF USE OF YOUR COMPUTER SYSTEM OR OTHER DEVICE.
2026-09-12T21:23:13.2893851Z 
2026-09-12T21:23:13.2895810Z 10.3 GOOGLE FURTHER EXPRESSLY DISCLAIMS ALL WARRANTIES AND CONDITIONS OF ANY KIND, WHETHER EXPRESS OR IMPLIED, INCLUDING, BUT NOT LIMITED TO THE IMPLIED WARRANTIES AND CONDITIONS OF MERCHANTABILITY, FITNESS FOR A PARTICULAR PURPOSE AND NON-INFRINGEMENT.
2026-09-12T21:23:13.2897801Z 
2026-09-12T21:23:13.2898172Z 11. LIMITATION OF LIABILITY
2026-09-12T21:23:13.2898625Z 
2026-09-12T21:23:13.2902219Z 11.1 YOU EXPRESSLY UNDERSTAND AND AGREE THAT GOOGLE, ITS SUBSIDIARIES AND AFFILIATES, AND ITS LICENSORS SHALL NOT BE LIABLE TO YOU UNDER ANY THEORY OF LIABILITY FOR ANY DIRECT, INDIRECT, INCIDENTAL, SPECIAL, CONSEQUENTIAL OR EXEMPLARY DAMAGES THAT MAY BE INCURRED BY YOU, INCLUDING ANY LOSS OF DATA, WHETHER OR NOT GOOGLE OR ITS REPRESENTATIVES HAVE BEEN ADVISED OF OR SHOULD HAVE BEEN AWARE OF THE POSSIBILITY OF ANY SUCH LOSSES ARISING.
2026-09-12T21:23:13.2906013Z 
2026-09-12T21:23:13.2906314Z 12. Indemnification
2026-09-12T21:23:13.2906687Z 
2026-09-12T21:23:13.2912500Z 12.1 To the maximum extent permitted by law, you agree to defend, indemnify and hold harmless Google, its affiliates and their respective directors, officers, employees and agents from and against any and all claims, actions, suits or proceedings, as well as any and all losses, liabilities, damages, costs and expenses (including reasonable attorneys’ fees) arising out of or accruing from (a) your use of the Preview, (b) any application you develop on the Preview that infringes any Intellectual Property Rights of any person or defames any person or violates their rights of publicity or privacy, and (c) any non-compliance by you of the License Agreement.
2026-09-12T21:23:13.2917507Z 
2026-09-12T21:23:13.2917821Z 13. Changes to the License Agreement
2026-09-12T21:23:13.2918282Z 
2026-09-12T21:23:13.2920052Z 13.1 Google may make changes to the License Agreement as it distributes new versions of the Preview. When these changes are made, Google will make a new version of the License Agreement available on the website where the Preview is made available.
2026-09-12T21:23:13.2922039Z 
2026-09-12T21:23:13.2922315Z 14. General Legal Terms
2026-09-12T21:23:13.2922683Z 
2026-09-12T21:23:13.2925003Z 14.1 the License Agreement constitutes the whole legal agreement between you and Google and governs your use of the Preview (excluding any services which Google may provide to you under a separate written agreement), and completely replaces any prior agreements between you and Google in relation to the Preview.
2026-09-12T21:23:13.2927322Z 
2026-09-12T21:23:13.2929600Z 14.2 You agree that if Google does not exercise or enforce any legal right or remedy which is contained in the License Agreement (or which Google has the benefit of under any applicable law), this will not be taken to be a formal waiver of Google's rights and that those rights or remedies will still be available to Google.
2026-09-12T21:23:13.2931870Z 
2026-09-12T21:23:13.2934411Z 14.3 If any court of law, having the jurisdiction to decide on this matter, rules that any provision of the License Agreement is invalid, then that provision will be removed from the License Agreement without affecting the rest of the License Agreement. The remaining provisions of the License Agreement will continue to be valid and enforceable.
2026-09-12T21:23:13.2936905Z 
2026-09-12T21:23:13.2939814Z 14.4 You acknowledge and agree that each member of the group of companies of which Google is the parent shall be third party beneficiaries to the License Agreement and that such other companies shall be entitled to directly enforce, and rely upon, any provision of the License Agreement that confers a benefit on (or rights in favor of) them. Other than this, no other person or company shall be third party beneficiaries to the License Agreement.
2026-09-12T21:23:13.2942935Z 
2026-09-12T21:23:13.2944949Z 14.5 EXPORT RESTRICTIONS. THE PREVIEW IS SUBJECT TO UNITED STATES EXPORT LAWS AND REGULATIONS. YOU MUST COMPLY WITH ALL DOMESTIC AND INTERNATIONAL EXPORT LAWS AND REGULATIONS THAT APPLY TO THE PREVIEW. THESE LAWS INCLUDE RESTRICTIONS ON DESTINATIONS, END USERS AND END USE.
2026-09-12T21:23:13.2947165Z 
2026-09-12T21:23:13.2949317Z 14.6 The License Agreement may not be assigned or transferred by you without the prior written approval of Google, and any attempted assignment without such approval will be void. You shall not delegate your responsibilities or obligations under the License Agreement without the prior written approval of Google.
2026-09-12T21:23:13.2951615Z 
2026-09-12T21:23:13.2955509Z 14.7 The License Agreement, and your relationship with Google under the License Agreement, shall be governed by the laws of the State of California without regard to its conflict of laws provisions. You and Google agree to submit to the exclusive jurisdiction of the courts located within the county of Santa Clara, California to resolve any legal matter arising from the License Agreement. Notwithstanding this, you agree that Google shall still be allowed to apply for injunctive remedies (or an equivalent type of urgent legal relief) in any jurisdiction.
2026-09-12T21:23:13.2959426Z 
2026-09-12T21:23:13.2959691Z June 2014.
2026-09-12T21:23:13.2960287Z ---------------------------------------
2026-09-12T21:23:13.2960992Z Accept? (y/N): 
2026-09-12T21:23:13.2961623Z 5/6: License google-gdk-license:
2026-09-12T21:23:13.2962320Z ---------------------------------------
2026-09-12T21:23:13.2963181Z This is a Developer Preview of the GDK that is subject to change.
2026-09-12T21:23:13.2963992Z 
2026-09-12T21:23:13.2964269Z Terms and Conditions
2026-09-12T21:23:13.2964635Z 
2026-09-12T21:23:13.2964991Z This is the Glass Development Kit License Agreement.
2026-09-12T21:23:13.2965568Z 
2026-09-12T21:23:13.2965832Z 1. Introduction
2026-09-12T21:23:13.2966178Z 
2026-09-12T21:23:13.2969047Z 1.1 The Glass Development Kit (referred to in this License Agreement as the "GDK" and specifically including the Android system files, packaged APIs, and GDK library files, if and when they are made available) is licensed to you subject to the terms of this License Agreement. This License Agreement forms a legally binding contract between you and Google in relation to your use of the GDK.
2026-09-12T21:23:13.2971868Z 
2026-09-12T21:23:13.2972417Z 1.2 "Glass" means Glass devices and the Glass software stack for use on Glass devices.
2026-09-12T21:23:13.2973170Z 
2026-09-12T21:23:13.2973175Z 
2026-09-12T21:23:13.2974768Z 1.3 "Android" means the Android software stack for devices, as made available under the Android Open Source Project, which is located at the following URL: http://source.android.com/, as updated from time to time.
2026-09-12T21:23:13.2976376Z 
2026-09-12T21:23:13.2977417Z 1.4 "Google" means Google Inc., a Delaware corporation with principal place of business at 1600 Amphitheatre Parkway, Mountain View, CA 94043, United States.
2026-09-12T21:23:13.2978669Z 
2026-09-12T21:23:13.2979137Z 2. Accepting this License Agreement
2026-09-12T21:23:13.2979576Z 
2026-09-12T21:23:13.2980479Z 2.1 In order to use the GDK, you must first agree to this License Agreement. You may not use the GDK if you do not accept this License Agreement.
2026-09-12T21:23:13.2981574Z 
2026-09-12T21:23:13.2982095Z 2.2 By clicking to accept, you hereby agree to the terms of this License Agreement.
2026-09-12T21:23:13.2982829Z 
2026-09-12T21:23:13.2984621Z 2.3 You may not use the GDK and may not accept the License Agreement if you are a person barred from receiving the GDK under the laws of the United States or other countries including the country in which you are resident or from which you use the GDK.
2026-09-12T21:23:13.2986434Z 
2026-09-12T21:23:13.2988861Z 2.4 If you are agreeing to be bound by this License Agreement on behalf of your employer or other entity, you represent and warrant that you have full legal authority to bind your employer or such entity to this License Agreement. If you do not have the requisite authority, you may not accept the License Agreement or use the GDK on behalf of your employer or other entity.
2026-09-12T21:23:13.2991471Z 
2026-09-12T21:23:13.2991741Z 3. GDK License from Google
2026-09-12T21:23:13.2992274Z 
2026-09-12T21:23:13.2994051Z 3.1 Subject to the terms of this License Agreement, Google grants you a limited, worldwide, royalty-free, non-assignable and non-exclusive license to use the GDK solely to develop applications to run on the Glass platform for Glass devices.
2026-09-12T21:23:13.2995850Z 
2026-09-12T21:23:13.2998424Z 3.2 You agree that Google or third parties own all legal right, title and interest in and to the GDK, including any Intellectual Property Rights that subsist in the GDK. "Intellectual Property Rights" means any and all rights under patent law, copyright law, trade secret law, trademark law, and any and all other proprietary rights. Google reserves all rights not expressly granted to you.
2026-09-12T21:23:13.3001210Z 
2026-09-12T21:23:13.3005444Z 3.3 You may not use the GDK for any purpose not expressly permitted by this License Agreement. Except to the extent required by applicable third party licenses, you may not: (a) copy (except for backup purposes), modify, adapt, redistribute, decompile, reverse engineer, disassemble, or create derivative works of the GDK or any part of the GDK; or (b) load any part of the GDK onto a mobile handset or wearable computing device or any other hardware device except a Glass device personal computer, combine any part of the GDK with other software, or distribute any software or device incorporating a part of the GDK.
2026-09-12T21:23:13.3009798Z 
2026-09-12T21:23:13.3011508Z 3.4 You agree that you will not take any actions that may cause or result in the fragmentation of Glass, including but not limited to distributing, participating in the creation of, or promoting in any way a software development kit derived from the GDK.
2026-09-12T21:23:13.3013585Z 
2026-09-12T21:23:13.3015117Z 3.5 Use, reproduction and distribution of components of the GDK licensed under an open source software license are governed solely by the terms of that open source software license and not this License Agreement.
2026-09-12T21:23:13.3016904Z 
2026-09-12T21:23:13.3019719Z 3.6 You agree that the form and nature of the GDK that Google provides may change without prior notice to you and that future versions of the GDK may be incompatible with applications developed on previous versions of the GDK. You agree that Google may stop (permanently or temporarily) providing the GDK (or any features within the GDK) to you or to users generally at Google's sole discretion, without prior notice to you.
2026-09-12T21:23:13.3022667Z 
2026-09-12T21:23:13.3023977Z 3.7 Nothing in this License Agreement gives you a right to use any of Google's trade names, trademarks, service marks, logos, domain names, or other distinctive brand features.
2026-09-12T21:23:13.3025307Z 
2026-09-12T21:23:13.3026742Z 3.8 You agree that you will not remove, obscure, or alter any proprietary rights notices (including copyright and trademark notices) that may be affixed to or contained within the GDK.
2026-09-12T21:23:13.3028167Z 
2026-09-12T21:23:13.3028172Z 
2026-09-12T21:23:13.3030580Z 3.9 Your use of any Android system files, packaged APIs, or other components of the GDK which are part of the Android Software Development Kit is subject to the terms of the Android Software Development Kit License Agreement located at http://developer.android.com/sdk/terms.html. These terms are hereby incorporated by reference into this License Agreement.
2026-09-12T21:23:13.3033252Z 
2026-09-12T21:23:13.3033681Z 4. Use of the GDK by You
2026-09-12T21:23:13.3034055Z 
2026-09-12T21:23:13.3035820Z 4.1 Google agrees that it obtains no right, title or interest from you (or your licensors) under this License Agreement in or to any software applications that you develop using the GDK, including any intellectual property rights that subsist in those applications.
2026-09-12T21:23:13.3037756Z 
2026-09-12T21:23:13.3041326Z 4.2 You agree to use the GDK and write applications only for purposes that are permitted by (a) this License Agreement, (b) the Glass Platform Developer Policies (located at https://developers.google.com/glass/policies, and hereby incorporated into this License Agreement by reference), and (c) any applicable law, regulation or generally accepted practices or guidelines in the relevant jurisdictions (including any laws regarding the export of data or software to and from the United States or other relevant countries).
2026-09-12T21:23:13.3045322Z 
2026-09-12T21:23:13.3050521Z 4.3 You agree that if you use the GDK to develop applications for general public users, you will protect the privacy and legal rights of those users. If the users provide you with user names, passwords, or other login information or personal information, you must make the users aware that the information will be available to your application, and you must provide legally adequate privacy notice and protection for those users. If your application stores personal or sensitive information provided by users, it must do so securely. If the user provides your application with Google Account information, your application may only use that information to access the user's Google Account when, and for the limited purposes for which, the user has given you permission to do so.
2026-09-12T21:23:13.3055993Z 
2026-09-12T21:23:13.3058071Z 4.4 You agree that you will not engage in any activity with the GDK, including the development or distribution of an application, that interferes with, disrupts, damages, or accesses in an unauthorized manner the servers, networks, or other properties or services of any third party including, but not limited to, Google.
2026-09-12T21:23:13.3060028Z 
2026-09-12T21:23:13.3062173Z 4.5 You agree that you are solely responsible for (and that Google has no responsibility to you or to any third party for) any data, content, or resources that you create, transmit or display through Glass and/or applications for Glass, and for the consequences of your actions (including any loss or damage which Google may suffer) by doing so.
2026-09-12T21:23:13.3064833Z 
2026-09-12T21:23:13.3067473Z 4.6 You agree that you are solely responsible for (and that Google has no responsibility to you or to any third party for) any breach of your obligations under this License Agreement, any applicable third party contract or Terms of Service, or any applicable law or regulation, and for the consequences (including any loss or damage which Google or any third party may suffer) of any such breach.
2026-09-12T21:23:13.3070379Z 
2026-09-12T21:23:13.3070385Z 
2026-09-12T21:23:13.3073089Z 4.7 The GDK is in development, and your testing and feedback are an important part of the development process. By using the GDK, you acknowledge that implementation of some features are still under development and that you should not rely on the GDK, Glass devices, Glass system software, Google Mirror API, or Glass services having the full functionality of a stable release.
2026-09-12T21:23:13.3076591Z 
2026-09-12T21:23:13.3076893Z 5. Your Developer Credentials
2026-09-12T21:23:13.3077309Z 
2026-09-12T21:23:13.3079300Z 5.1 You agree that you are responsible for maintaining the confidentiality of any developer credentials that may be issued to you by Google or which you may choose yourself and that you will be solely responsible for all applications that are developed under your developer credentials.
2026-09-12T21:23:13.3081623Z 
2026-09-12T21:23:13.3081998Z 6. Privacy and Information
2026-09-12T21:23:13.3082421Z 
2026-09-12T21:23:13.3082428Z 
2026-09-12T21:23:13.3085962Z 6.1 In order to continually innovate and improve the GDK, Google may collect certain usage statistics from the software including but not limited to a unique identifier, associated IP address, version number of the software, and information on which tools and/or services in the GDK are being used and how they are being used. Before any of this information is collected, the GDK will notify you and seek your consent. If you withhold consent, the information will not be collected.
2026-09-12T21:23:13.3089791Z 
2026-09-12T21:23:13.3090811Z 6.2 The data collected is examined in the aggregate to improve the GDK and is maintained in accordance with Google's Privacy Policy.
2026-09-12T21:23:13.3092215Z 
2026-09-12T21:23:13.3092525Z 7. Third Party Applications
2026-09-12T21:23:13.3092966Z 
2026-09-12T21:23:13.3097273Z 7.1 If you use the GDK to run applications developed by a third party or that access data, content or resources provided by a third party, you agree that Google is not responsible for those applications, data, content, or resources. You understand that all data, content or resources which you may access through such third party applications are the sole responsibility of the person from which they originated and that Google is not liable for any loss or damage that you may experience as a result of the use or access of any of those third party applications, data, content, or resources.
2026-09-12T21:23:13.3101377Z 
2026-09-12T21:23:13.3105193Z 7.2 You should be aware the data, content, and resources presented to you through such a third party application may be protected by intellectual property rights which are owned by the providers (or by other persons or companies on their behalf). You may not modify, rent, lease, loan, sell, distribute or create derivative works based on these data, content, or resources (either in whole or in part) unless you have been specifically given permission to do so by the relevant owners.
2026-09-12T21:23:13.3108626Z 
2026-09-12T21:23:13.3110460Z 7.3 You acknowledge that your use of such third party applications, data, content, or resources may be subject to separate terms between you and the relevant third party. In that case, this License Agreement does not affect your legal relationship with these third parties.
2026-09-12T21:23:13.3112485Z 
2026-09-12T21:23:13.3112791Z 8. Using Google APIs
2026-09-12T21:23:13.3113139Z 
2026-09-12T21:23:13.3113604Z 8.1 Google APIs
2026-09-12T21:23:13.3113936Z 
2026-09-12T21:23:13.3117358Z 8.1.1 If you use any API to retrieve data from Google, you acknowledge that the data may be protected by intellectual property rights which are owned by Google or those parties that provide the data (or by other persons or companies on their behalf). Your use of any such API may be subject to additional Terms of Service. You may not modify, rent, lease, loan, sell, distribute or create derivative works based on this data (either in whole or in part) unless allowed by the relevant Terms of Service.
2026-09-12T21:23:13.3120891Z 
2026-09-12T21:23:13.3122565Z 8.1.2 If you use any API to retrieve a user's data from Google, you acknowledge and agree that you shall retrieve data only with the user's explicit consent and only when, and for the limited purposes for which, the user has given you permission to do so.
2026-09-12T21:23:13.3124614Z 
2026-09-12T21:23:13.3124928Z 9. Terminating this License Agreement
2026-09-12T21:23:13.3125396Z 
2026-09-12T21:23:13.3126346Z 9.1 This License Agreement will continue to apply until terminated by either you or Google as set out below.
2026-09-12T21:23:13.3127378Z 
2026-09-12T21:23:13.3128301Z 9.2 If you want to terminate this License Agreement, you may do so by ceasing your use of the GDK and any relevant developer credentials.
2026-09-12T21:23:13.3129409Z 
2026-09-12T21:23:13.3133994Z 9.3 Google may at any time, terminate this License Agreement with you if: (A) you have breached any provision of this License Agreement; or (B) Google is required to do so by law; or (C) the partner with whom Google offered certain parts of GDK (such as APIs) to you has terminated its relationship with Google or ceased to offer certain parts of the GDK to you; or (D) Google decides to no longer provide the GDK or certain parts of the GDK to users in the country in which you are resident or from which you use the service, or the provision of the GDK or certain GDK services to you by Google is, in Google's sole discretion, no longer commercially viable.
2026-09-12T21:23:13.3138649Z 
2026-09-12T21:23:13.3141611Z 9.4 When this License Agreement comes to an end, all of the legal rights, obligations and liabilities that you and Google have benefited from, been subject to (or which have accrued over time whilst this License Agreement has been in force) or which are expressed to continue indefinitely, shall be unaffected by this cessation, and the provisions of paragraph 14.7 shall continue to apply to such rights, obligations and liabilities indefinitely.
2026-09-12T21:23:13.3145099Z 
2026-09-12T21:23:13.3145386Z 10. DISCLAIMER OF WARRANTIES
2026-09-12T21:23:13.3145777Z 
2026-09-12T21:23:13.3146895Z 10.1 YOU EXPRESSLY UNDERSTAND AND AGREE THAT YOUR USE OF THE GDK IS AT YOUR SOLE RISK AND THAT THE GDK IS PROVIDED "AS IS" AND "AS AVAILABLE" WITHOUT WARRANTY OF ANY KIND FROM GOOGLE.
2026-09-12T21:23:13.3148199Z 
2026-09-12T21:23:13.3149913Z 10.2 YOUR USE OF THE GDK AND ANY MATERIAL DOWNLOADED OR OTHERWISE OBTAINED THROUGH THE USE OF THE GDK IS AT YOUR OWN DISCRETION AND RISK AND YOU ARE SOLELY RESPONSIBLE FOR ANY DAMAGE TO YOUR COMPUTER SYSTEM OR OTHER DEVICE OR LOSS OF DATA THAT RESULTS FROM SUCH USE.
2026-09-12T21:23:13.3151799Z 
2026-09-12T21:23:13.3153715Z 10.3 GOOGLE FURTHER EXPRESSLY DISCLAIMS ALL WARRANTIES AND CONDITIONS OF ANY KIND, WHETHER EXPRESS OR IMPLIED, INCLUDING, BUT NOT LIMITED TO THE IMPLIED WARRANTIES AND CONDITIONS OF MERCHANTABILITY, FITNESS FOR A PARTICULAR PURPOSE AND NON-INFRINGEMENT.
2026-09-12T21:23:13.3155778Z 
2026-09-12T21:23:13.3156099Z 11. LIMITATION OF LIABILITY
2026-09-12T21:23:13.3156534Z 
2026-09-12T21:23:13.3159511Z 11.1 YOU EXPRESSLY UNDERSTAND AND AGREE THAT GOOGLE, ITS SUBSIDIARIES AND AFFILIATES, AND ITS LICENSORS SHALL NOT BE LIABLE TO YOU UNDER ANY THEORY OF LIABILITY FOR ANY DIRECT, INDIRECT, INCIDENTAL, SPECIAL, CONSEQUENTIAL OR EXEMPLARY DAMAGES THAT MAY BE INCURRED BY YOU, INCLUDING ANY LOSS OF DATA, WHETHER OR NOT GOOGLE OR ITS REPRESENTATIVES HAVE BEEN ADVISED OF OR SHOULD HAVE BEEN AWARE OF THE POSSIBILITY OF ANY SUCH LOSSES ARISING.
2026-09-12T21:23:13.3162692Z 
2026-09-12T21:23:13.3162961Z 12. Indemnification
2026-09-12T21:23:13.3163295Z 
2026-09-12T21:23:13.3168404Z 12.1 To the maximum extent permitted by law, you agree to defend, indemnify and hold harmless Google, its affiliates and their respective directors, officers, employees and agents from and against any and all claims, actions, suits or proceedings, as well as any and all losses, liabilities, damages, costs and expenses (including reasonable attorneys fees) arising out of or accruing from (a) your use of the GDK, (b) any application you develop on the GDK that infringes any copyright, trademark, trade secret, trade dress, patent or other intellectual property right of any person or defames any person or violates their rights of publicity or privacy, and (c) any non-compliance by you with this License Agreement.
2026-09-12T21:23:13.3173313Z 
2026-09-12T21:23:13.3173796Z 13. Changes to the License Agreement
2026-09-12T21:23:13.3174234Z 
2026-09-12T21:23:13.3176013Z 13.1 Google may make changes to the License Agreement as it distributes new versions of the GDK. When these changes are made, Google will make a new version of the License Agreement available on the website where the GDK is made available.
2026-09-12T21:23:13.3177780Z 
2026-09-12T21:23:13.3178084Z 14. General Legal Terms
2026-09-12T21:23:13.3178445Z 
2026-09-12T21:23:13.3180498Z 14.1 This License Agreement constitutes the whole legal agreement between you and Google and governs your use of the GDK (excluding any services which Google may provide to you under a separate written agreement), and completely replaces any prior agreements between you and Google in relation to the GDK.
2026-09-12T21:23:13.3182759Z 
2026-09-12T21:23:13.3185015Z 14.2 You agree that if Google does not exercise or enforce any legal right or remedy which is contained in this License Agreement (or which Google has the benefit of under any applicable law), this will not be taken to be a formal waiver of Google's rights and that those rights or remedies will still be available to Google.
2026-09-12T21:23:13.3187288Z 
2026-09-12T21:23:13.3189607Z 14.3 If any court of law, having the jurisdiction to decide on this matter, rules that any provision of this License Agreement is invalid, then that provision will be removed from this License Agreement without affecting the rest of this License Agreement. The remaining provisions of this License Agreement will continue to be valid and enforceable.
2026-09-12T21:23:13.3192284Z 
2026-09-12T21:23:13.3195415Z 14.4 You acknowledge and agree that each member of the group of companies of which Google is the parent shall be third party beneficiaries to this License Agreement and that such other companies shall be entitled to directly enforce, and rely upon, any provision of this License Agreement that confers a benefit on (or rights in favor of) them. Other than this, no other person or company shall be third party beneficiaries to this License Agreement.
2026-09-12T21:23:13.3198591Z 
2026-09-12T21:23:13.3200407Z 14.5 EXPORT RESTRICTIONS. THE GDK IS SUBJECT TO UNITED STATES EXPORT LAWS AND REGULATIONS. YOU MUST COMPLY WITH ALL DOMESTIC AND INTERNATIONAL EXPORT LAWS AND REGULATIONS THAT APPLY TO THE GDK. THESE LAWS INCLUDE RESTRICTIONS ON DESTINATIONS, END USERS AND END USE.
2026-09-12T21:23:13.3202431Z 
2026-09-12T21:23:13.3205042Z 14.6 The rights granted in this License Agreement may not be assigned or transferred by either you or Google without the prior written approval of the other party. Neither you nor Google shall be permitted to delegate their responsibilities or obligations under this License Agreement without the prior written approval of the other party.
2026-09-12T21:23:13.3207516Z 
2026-09-12T21:23:13.3211266Z 14.7 This License Agreement, and your relationship with Google under this License Agreement, shall be governed by the laws of the State of California without regard to its conflict of laws provisions. You and Google agree to submit to the exclusive jurisdiction of the courts located within the county of Santa Clara, California to resolve any legal matter arising from this License Agreement. Notwithstanding this, you agree that Google shall still be allowed to apply for injunctive remedies (or an equivalent type of urgent legal relief) in any jurisdiction.
2026-09-12T21:23:13.3215334Z 
2026-09-12T21:23:13.3215590Z November 19, 2013
2026-09-12T21:23:13.3216178Z ---------------------------------------
2026-09-12T21:23:13.3216846Z Accept? (y/N): 
2026-09-12T21:23:13.3217483Z 6/6: License mips-android-sysimage-license:
2026-09-12T21:23:13.3218243Z ---------------------------------------
2026-09-12T21:23:13.3222975Z MIPS Technologies, Inc. (“MIPS”) Internal Evaluation License Agreement for MIPS Android™ System Images for Android Software Development Kit (SDK): This Internal Evaluation License Agreement (this "Agreement") is entered into by and between MIPS and you (as an individual developer or a legal entity -- identified below as “Recipient”). MIPS shall make the Evaluation Software available to Recipient as described in accordance with the terms and conditions set forth below.
2026-09-12T21:23:13.3226616Z 
2026-09-12T21:23:13.3230645Z By clicking on the “Accept” button, downloading, installing, or otherwise using the Evaluation Materials (defined below), you agree to be bound by the terms of this Agreement effective as of the date you click “Accept” (the “Effective Date”), and if doing so on behalf of an entity, you represent that you are authorized to bind the entity to the terms and conditions of this Agreement. If you do not agree to be bound by the terms and conditions of this Agreement, do not download, install, or use the Evaluation Materials.
2026-09-12T21:23:13.3234459Z 
2026-09-12T21:23:13.3234883Z 1. DEFINITIONS. These terms shall have the following meanings:
2026-09-12T21:23:13.3235506Z 
2026-09-12T21:23:13.3236727Z 1.1 “MIPS” shall mean MIPS Technologies, Inc., a Delaware corporation having a principal place of business at: 955 East Arques Ave., Sunnyvale, CA 94085
2026-09-12T21:23:13.3237951Z 
2026-09-12T21:23:13.3239188Z 1.2 “Evaluation Software” shall mean MIPS Android™ emulator system images for Android Software Development Kit (SDK), as made available to Recipient.
2026-09-12T21:23:13.3240629Z 
2026-09-12T21:23:13.3243114Z 1.3 “Evaluation Materials" means, collectively, the Evaluation Software (in source and/or object code form) and documentation (including, without limitation, any design documents, specifications, reference manuals, and other related materials) related to the Evaluation Software as made available to Recipient.
2026-09-12T21:23:13.3245611Z 
2026-09-12T21:23:13.3253568Z 1.4 “Open Source Software” means any software that requires (as a condition of use, modification and/or distribution of such software) that such software or other software incorporated into, derived from or distributed with such software (a) be disclosed or distributed in source code form; or (b) be licensed by the user to third parties for the purpose of making and/or distributing derivative works; or (c) be redistributable at no charge. Open Source Software includes, without limitation, software licensed or distributed under any of the following licenses or distribution models, or licenses or distribution models substantially similar to any of the following: (a) GNU’s General Public License (GPL) or Lesser/Library GPL (LGPL), (b) the Artistic License (e.g., PERL), (c) the Mozilla Public License, (d) the Netscape Public License, (e) the Sun Community Source License (SCSL), (f) the Sun Industry Source License (SISL), (g) the Apache Software license and (h) the Common Public License (CPL).
2026-09-12T21:23:13.3259996Z 
2026-09-12T21:23:13.3262572Z 1.5 “Pre-Release Materials” means “alpha” or “beta” designated pre-release features, which may not be fully functional, which MIPS may substantially modify in producing any production version of the Evaluation Materials, and/or which is still under development by MIPS and/or MIPS’ suppliers.
2026-09-12T21:23:13.3264955Z 
2026-09-12T21:23:13.3268851Z 2. PURPOSE. MIPS desires to make the Evaluation Materials available to Recipient solely for Recipient's internal evaluation of the Evaluation Software to evaluate the desirability of cooperating with MIPS in developing products that are compatible with the Evaluation Software and/or to advise MIPS as to possible modifications to the Evaluation Software. Recipient may not disclose, distribute, modify (except to facilitate the above-mentioned internal evaluation), or make commercial use of the Evaluation Materials or any modifications of the Evaluation Materials.
2026-09-12T21:23:13.3273027Z 
2026-09-12T21:23:13.3276201Z THE EVALUATION MATERIALS ARE PROVIDED FOR EVALUATION PURPOSES ONLY AND MAY NOT BE MODIFIED (EXCEPT TO FACILITATE THE INTERNAL EVALUATION) OR DISTRIBUTED BY RECIPIENT OR INCORPORATED INTO RECIPIENT’S PRODUCTS OR SOFTWARE. PLEASE CONTACT A MIPS SALES REPRESENTATIVE TO LEARN ABOUT THE AVAILABILITY AND COST OF A COMMERCIAL VERSION OF THE EVALUATION SOFTWARE.
2026-09-12T21:23:13.3278901Z 
2026-09-12T21:23:13.3281115Z 3. TITLE. Title to the Evaluation Materials remains with MIPS or its suppliers. Recipient shall not mortgage, pledge or encumber the Evaluation Materials in any way. Recipient shall return all Evaluation Materials, keeping no copies, upon termination or expiration of this Agreement.
2026-09-12T21:23:13.3283250Z 
2026-09-12T21:23:13.3291264Z 4. LICENSE. MIPS grants Recipient a royalty-free, personal, nontransferable, nonexclusive license under its copyrights to use the Evaluation Software only for the purposes described in paragraph 2 above and only for a period beginning on the Effective Date and extending to the first anniversary of the Effective Date (the “Evaluation Period”). Unless otherwise communicated in writing by MIPS to Recipient, to the extent the Evaluation Software is provided in more than one delivery or release (each, a “Release”) the license grant in this Section 4 and the Evaluation Period shall apply to each Release, in which case the Evaluation Period shall begin on the date that the Release is made generally available and continue to the first anniversary of such date. Recipient may not make modifications to the Evaluation Software. Recipient shall not disassemble, reverse-engineer, or decompile any software that is not provided to Recipient in source code form.
2026-09-12T21:23:13.3298854Z 
2026-09-12T21:23:13.3298862Z 
2026-09-12T21:23:13.3301537Z EXCEPT AS PROVIDED HEREIN, NO OTHER LICENSE, EXPRESS OR IMPLIED, BY ESTOPPEL OR OTHERWISE, TO ANY OTHER MIPS INTELLECTUAL PROPERTY RIGHTS IS GRANTED TO THE RECIPIENT. OTHER THAN AS EXPLICITLY SET FORTH IN PARAGRAPH 2 ABOVE, NO RIGHT TO COPY, TO REPRODUCE, TO MODIFY, OR TO CREATE DERIVATIVE WORKS OF, THE EVALUATION MATERIALS IS GRANTED HEREIN.
2026-09-12T21:23:13.3304488Z 
2026-09-12T21:23:13.3306558Z 5. NO OBLIGATION. Recipient shall have no duty to purchase or license any product from MIPS. MIPS and its suppliers shall have no obligation to provide support for, or develop a non-evaluation version of, the Evaluation Software or to license any version of it.
2026-09-12T21:23:13.3308757Z 
2026-09-12T21:23:13.3316967Z 6. MODIFICATIONS. This Agreement does not obligate Recipient to provide MIPS with comments or suggestions regarding Evaluation Materials. However, should Recipient provide MIPS with comments or suggestions for the modification, correction, improvement or enhancement of (a) the Evaluation Materials or (b) MIPS products or processes which may embody the Evaluation Materials, then Recipient agrees to grant and hereby grants to MIPS a non-exclusive, irrevocable, worldwide, fully paid-up, royalty-free license, with the right to sublicense MIPS’ licensees and customers, under Recipient’s Intellectual property rights, to use and disclose such comments and suggestions in any manner MIPS chooses and to display, perform, copy, make, have made, use, sell, offer to sell, import, and otherwise dispose of MIPS’ and its sublicensee’s products embodying such comments and suggestions in any manner and via any media MIPS chooses, without reference to the source.
2026-09-12T21:23:13.3324457Z 
2026-09-12T21:23:13.3328364Z 7. WARRANTY DISCLAIMER. MIPS AND ITS SUPPLIERS MAKE NO WARRANTIES WITH RESPECT TO EVALUATION MATERIALS, EITHER EXPRESS OR IMPLIED, INCLUDING ANY IMPLIED WARRANTIES OF MERCHANTABILITY OR FITNESS FOR A PARTICULAR PURPOSE, OR ANY IMPLIED WARRANTY OF NONINFRINGEMENT WITH RESPECT TO THIRD PARTY INTELLECTUAL PROPERTY. RECIPIENT ACKNOWLEDGES AND AGREES THAT THE EVALUATION MATERIALS ARE PROVIDED “AS IS,” WITHOUT WARRANTY OF ANY KIND.
2026-09-12T21:23:13.3331938Z 
2026-09-12T21:23:13.3336508Z 8. LIMITATION OF LIABILITY. MIPS AND ITS SUPPLIERS SHALL NOT BE LIABLE FOR ANY PROPERTY DAMAGE, PERSONAL INJURY, LOSS OF PROFITS, INTERRUPTION OF BUSINESS OR FOR ANY DIRECT, INDIRECT, SPECIAL, CONSEQUENTIAL OR INCIDENTAL DAMAGES, HOWEVER CAUSED OR ALLEGED, WHETHER FOR BREACH OF WARRANTY, CONTRACT, STRICT LIABILITY OR OTHERWISE, INCLUDING WITHOUT LIMITATION, UNDER TORT OR OTHER LEGAL THEORY. MIPS AND ITS SUPPLIERS DISCLAIM ANY AND ALL LIABILITY, INCLUDING LIABILITY FOR INFRINGEMENT OF ANY INTELLECTUAL PROPERTY RIGHTS OF ANY KIND RELATING TO THE EVALUATION MATERIALS.
2026-09-12T21:23:13.3341107Z 
2026-09-12T21:23:13.3359992Z 9. EXPIRATION. MIPS may terminate this Agreement immediately after a breach by Recipient or otherwise at MIPS’ reasonable discretion and upon five (5) business days’ notice to Recipient.
2026-09-12T21:23:13.3361596Z 
2026-09-12T21:23:13.3361879Z 10. GENERAL.
2026-09-12T21:23:13.3362238Z 
2026-09-12T21:23:13.3369327Z 10.1 Controlling Law. This Agreement shall be governed by California law excluding its choice of law rules. With the exception of MIPS’ rights to enforce its intellectual property rights and any confidentiality obligations under this Agreement or any licenses distributed with the Evaluation Materials, all disputes and any claims arising under or relating to this Agreement shall be subject to the exclusive jurisdiction and venue of the state and federal courts located in Santa Clara County, California. Each party hereby agrees to jurisdiction and venue in the courts set forth in the preceding sentence. The parties agree that the United Nations Convention on Contracts for the International Sale of Goods is specifically excluded from application to this Agreement. The parties consent to the personal jurisdiction of the above courts.
2026-09-12T21:23:13.3376062Z 
2026-09-12T21:23:13.3379493Z 10.2 Remedies. Recipient acknowledges and agrees that any breach of confidentiality obligations under this Agreement or any licenses distributed with the Evaluation Materials, as well as any disclosure, commercialization, or public use of the Evaluation Materials, would cause irreparable injury to MIPS, and therefore Recipient agrees to consent to, and hereby consents to, the grant of an injunction by any court of competent jurisdiction in the event of an actual or threatened breach.
2026-09-12T21:23:13.3383098Z 
2026-09-12T21:23:13.3387660Z 10.3 Assignment. Recipient may not delegate, assign or transfer this Agreement, the license granted or any of Recipient’s rights, obligations, or duties hereunder, expressly, by implication, by operation of law, by way of merger (regardless of whether Recipient is the surviving entity) or acquisition, or otherwise and any attempt to do so, without MIPS’ express prior written consent, shall be ineffective, null and void. MIPS may freely assign this Agreement, and its rights and obligations hereunder, in its sole discretion.
2026-09-12T21:23:13.3391449Z 
2026-09-12T21:23:13.3394825Z 10.4 Entire Agreement. This Agreement constitutes the entire agreement between Recipient and MIPS and supersedes in their entirety any and all oral or written agreements previously existing between Recipient and MIPS with respect to the subject matter hereof. This Agreement may only be amended or supplemented by a writing that refers explicitly to this Agreement and that is signed or otherwise accepted by duly authorized representatives of Recipient and MIPS.
2026-09-12T21:23:13.3398211Z 
2026-09-12T21:23:13.3401420Z 10.5 Severability. In the event that any provision of this Agreement is finally adjudicated to be unenforceable or invalid under any applicable law, such unenforceability or invalidity shall not render this Agreement unenforceable or invalid as a whole, and, in such event, such unenforceable or invalid provision shall be interpreted so as to best accomplish the objectives of such provision within the limits of applicable law or applicable court decisions.
2026-09-12T21:23:13.3404919Z 
2026-09-12T21:23:13.3415015Z 10.6 Export Regulations / Export Control. Recipient shall not export, either directly or indirectly, any product, service or technical data or system incorporating the Evaluation Materials without first obtaining any required license or other necessary approval from the U.S. Department of Commerce or any other governing agency or department of the United States Government. In the event any product is exported from the United States or re-exported from a foreign destination by Recipient, Recipient shall ensure that the distribution and export/re-export or import of the product is in compliance with all applicable laws, regulations, orders, or other restrictions of the U.S. Export Administration Regulations and the appropriate foreign government. Recipient agrees that neither it nor any of its subsidiaries will export/re-export any technical data, process, product, or service, directly or indirectly, to any country for which the United States government or any agency thereof or the foreign government from where it is shipping requires an export license, or other governmental approval, without first obtaining such license or approval. Recipient also agrees to implement measures to ensure that foreign national employees are authorized to receive any information controlled by U.S. export control laws. An export is "deemed" to take place when information is released to a foreign national wherever located.
2026-09-12T21:23:13.3425476Z 
2026-09-12T21:23:13.3433193Z 10.7 Special Terms for Pre-Release Materials. If so indicated in the description of the Evaluation Software, the Evaluation Software may contain Pre-Release Materials. Recipient hereby understands, acknowledges and agrees that: (i) Pre-Release Materials may not be fully tested and may contain bugs or errors; (ii) Pre-Release materials are not suitable for commercial release in their current state; (iii) regulatory approvals for Pre-Release Materials (such as UL or FCC) have not been obtained, and Pre-Release Materials may therefore not be certified for use in certain countries or environments or may not be suitable for certain applications and (iv) MIPS can provide no assurance that it will ever produce or make generally available a production version of the Pre-Release Materials . MIPS is not under any obligation to develop and/or release or offer for sale or license a final product based upon the Pre-Release Materials and may unilaterally elect to abandon the Pre-Release Materials or any such development platform at any time and without any obligation or liability whatsoever to Recipient or any other person.
2026-09-12T21:23:13.3441752Z 
2026-09-12T21:23:13.3443145Z ANY PRE-RELEASE MATERIALS ARE NON-QUALIFIED AND, AS SUCH, ARE PROVIDED “AS IS” AND “AS AVAILABLE”, POSSIBLY WITH FAULTS, AND WITHOUT REPRESENTATION OR WARRANTY OF ANY KIND.
2026-09-12T21:23:13.3444665Z 
2026-09-12T21:23:13.3448993Z 10.8 Open Source Software. In the event Open Source software is included with Evaluation Software, such Open Source software is licensed pursuant to the applicable Open Source software license agreement identified in the Open Source software comments in the applicable source code file(s) and/or file header as indicated in the Evaluation Software. Additional detail may be available (where applicable) in the accompanying on-line documentation. With respect to the Open Source software, nothing in this Agreement limits any rights under, or grants rights that supersede, the terms of any applicable Open Source software license agreement.
2026-09-12T21:23:13.3453919Z ---------------------------------------
2026-09-12T21:23:13.3454693Z Accept? (y/N): All SDK package licenses accepted
2026-09-12T21:23:13.3455208Z 
2026-09-12T21:23:13.3455544Z yes: standard output: Broken pipe
2026-09-12T21:23:13.9971388Z Loading package information...                                                  
2026-09-12T21:23:14.0777711Z Loading local repository...                                                     
2026-09-12T21:23:14.0779908Z [                                       ] 3% Loading local repository...        
2026-09-12T21:23:14.0811858Z [                                       ] 3% Fetch remote repository...         
2026-09-12T21:23:14.4758775Z [=                                      ] 3% Fetch remote repository...         
2026-09-12T21:23:14.5571421Z [=                                      ] 4% Fetch remote repository...         
2026-09-12T21:23:14.6011585Z [=                                      ] 5% Fetch remote repository...         
2026-09-12T21:23:14.6697942Z [==                                     ] 5% Fetch remote repository...         
2026-09-12T21:23:14.7668561Z [==                                     ] 6% Fetch remote repository...         
2026-09-12T21:23:14.8364832Z [==                                     ] 7% Fetch remote repository...         
2026-09-12T21:23:14.8384359Z [==                                     ] 7% Computing updates...               
2026-09-12T21:23:14.8481505Z [===                                    ] 8% Computing updates...               
2026-09-12T21:23:14.8548818Z [===                                    ] 10% Computing updates...              
2026-09-12T21:23:14.8550160Z [=======================================] 100% Computing updates...             
2026-09-12T21:23:14.8551064Z 
2026-09-12T21:23:14.8997515Z Node 20 is being deprecated. This workflow is running with Node 24 by default. If you need to temporarily use Node 20, you can set the ACTIONS_ALLOW_USE_UNSECURE_NODE_VERSION=true environment variable. For more information see: https://github.blog/changelog/2025-09-19-deprecation-of-node-20-on-github-actions-runners/
2026-09-12T21:23:14.8999069Z ##[group]Run gradle/actions/setup-gradle@v4
2026-09-12T21:23:14.8999511Z with:
2026-09-12T21:23:14.8999858Z   cache-read-only: false
2026-09-12T21:23:14.9000429Z   cache-disabled: false
2026-09-12T21:23:14.9000804Z   cache-write-only: false
2026-09-12T21:23:14.9001199Z   cache-overwrite-existing: false
2026-09-12T21:23:14.9001611Z   cache-cleanup: on-success
2026-09-12T21:23:14.9002047Z   gradle-home-cache-includes: caches
notifications

2026-09-12T21:23:14.9002539Z   add-job-summary: always
2026-09-12T21:23:14.9002943Z   add-job-summary-as-pr-comment: never
2026-09-12T21:23:14.9003653Z   dependency-graph: disabled
2026-09-12T21:23:14.9004219Z   dependency-graph-report-dir: dependency-graph-reports
2026-09-12T21:23:14.9004764Z   dependency-graph-continue-on-failure: true
2026-09-12T21:23:14.9005235Z   build-scan-publish: false
2026-09-12T21:23:14.9005632Z   validate-wrappers: true
2026-09-12T21:23:14.9006028Z   allow-snapshot-wrappers: false
2026-09-12T21:23:14.9006453Z   gradle-home-cache-strict-match: false
2026-09-12T21:23:14.9006889Z   workflow-job-context: null
2026-09-12T21:23:14.9010240Z   github-token: ***
2026-09-12T21:23:14.9010612Z env:
2026-09-12T21:23:14.9011071Z   JAVA_HOME: /opt/hostedtoolcache/Java_Temurin-Hotspot_jdk/21.0.12-1/x64
2026-09-12T21:23:14.9011772Z   JAVA_HOME_21_X64: /opt/hostedtoolcache/Java_Temurin-Hotspot_jdk/21.0.12-1/x64
2026-09-12T21:23:14.9012351Z ##[endgroup]
2026-09-12T21:23:15.2309982Z Merged default JDK locations into /home/runner/.m2/toolchains.xml
2026-09-12T21:23:15.2311792Z Preparing cache for cleanup.
2026-09-12T21:23:15.2316763Z ##[group]Restore Gradle state from cache
2026-09-12T21:23:15.3604469Z Cache hit for restore-key: gradle-home-v1|Linux-X64|build[36a61ee11fde92eb67978eb36366915f]-7127b8dff0211f9053ee568a2826af8859645d27
2026-09-12T21:23:15.6941770Z Received 332715 of 332715 (100.0%), 1.5 MBs/sec
2026-09-12T21:23:15.6944652Z Cache Size: ~0 MB (332715 B)
2026-09-12T21:23:15.6974780Z [command]/usr/bin/tar -xf /home/runner/work/_temp/6d80dbd7-f18f-48f5-9127-235b9f562c67/cache.tzst -P -C /home/runner/work/Fynex-Manager/Fynex-Manager --use-compress-program unzstd
2026-09-12T21:23:15.7572201Z Cache restored successfully
2026-09-12T21:23:15.7576698Z Restored cache entry with key gradle-home-v1|Linux-X64|build[36a61ee11fde92eb67978eb36366915f]-2fe99e9a1e0c8fadc54e4e636487eedd4cb7829c to /home/runner/.gradle/caches,/home/runner/.gradle/notifications,/home/runner/.gradle/.setup-gradle in 525ms
2026-09-12T21:23:15.8655575Z Cache hit for: gradle-java-toolchains-v1-13080c63aed8f86de18dedeeafc8a95d
2026-09-12T21:23:15.8697869Z Cache hit for: gradle-transforms-v1-47fb7f61c95812276dc54249e4b92423
2026-09-12T21:23:15.8708716Z Cache hit for: gradle-generated-gradle-jars-v1-697f81ec8d80712ce7da03f513960371
2026-09-12T21:23:15.8712792Z Cache hit for: gradle-dependencies-v1-304ed86d0d5de3562f2322ba493b9e74
2026-09-12T21:23:15.8781024Z Cache hit for: gradle-instrumented-jars-v1-a0013cd4e50f2361684b05fa2d40ccab
2026-09-12T21:23:15.8786306Z Cache hit for: gradle-kotlin-dsl-v1-30838b131ccafce3b65af08fbd2c23cb
2026-09-12T21:23:15.8834808Z Cache hit for: gradle-groovy-dsl-v1-1276d866ca41ad179be34d30b0be949a
2026-09-12T21:23:15.8843158Z Cache hit for: gradle-wrapper-zips-v1-2404ef08b03d28a6a12a9811a47b570f
2026-09-12T21:23:16.0953647Z Received 72156 of 72156 (100.0%), 0.7 MBs/sec
2026-09-12T21:23:16.0954648Z Cache Size: ~0 MB (72156 B)
2026-09-12T21:23:16.1876021Z [command]/usr/bin/tar -xf /home/runner/work/_temp/95a269eb-f2f7-4c57-ad0d-968bf714b7fd/cache.tzst -P -C /home/runner/work/Fynex-Manager/Fynex-Manager --use-compress-program unzstd
2026-09-12T21:23:16.2012368Z Cache restored successfully
2026-09-12T21:23:16.2024566Z Restored cache entry with key gradle-instrumented-jars-v1-a0013cd4e50f2361684b05fa2d40ccab to /home/runner/.gradle/caches/jars-*/*/ in 443ms
2026-09-12T21:23:16.2247430Z Received 93355 of 93355 (100.0%), 0.4 MBs/sec
2026-09-12T21:23:16.2248775Z Cache Size: ~0 MB (93355 B)
2026-09-12T21:23:16.2441766Z [command]/usr/bin/tar -xf /home/runner/work/_temp/9442d7e5-bea6-4a66-b485-79daa835bf60/cache.tzst -P -C /home/runner/work/Fynex-Manager/Fynex-Manager --use-compress-program unzstd
2026-09-12T21:23:16.2634001Z Received 111358 of 111358 (100.0%), 0.4 MBs/sec
2026-09-12T21:23:16.2635426Z Cache Size: ~0 MB (111358 B)
2026-09-12T21:23:16.2727950Z [command]/usr/bin/tar -xf /home/runner/work/_temp/4e8dc999-66b2-4aff-a306-41ef03c76aac/cache.tzst -P -C /home/runner/work/Fynex-Manager/Fynex-Manager --use-compress-program unzstd
2026-09-12T21:23:16.3075924Z Cache restored successfully
2026-09-12T21:23:16.3160544Z Cache restored successfully
2026-09-12T21:23:16.3190345Z Restored cache entry with key gradle-kotlin-dsl-v1-30838b131ccafce3b65af08fbd2c23cb to /home/runner/.gradle/caches/*/kotlin-dsl/accessors/*/,/home/runner/.gradle/caches/*/kotlin-dsl/scripts/*/ in 559ms
2026-09-12T21:23:16.3193709Z Restored cache entry with key gradle-groovy-dsl-v1-1276d866ca41ad179be34d30b0be949a to /home/runner/.gradle/caches/*/groovy-dsl/*/ in 559ms
2026-09-12T21:23:16.9484192Z Received 67108864 of 193638327 (34.7%), 63.9 MBs/sec
2026-09-12T21:23:16.9759587Z Received 60365521 of 68754129 (87.8%), 57.1 MBs/sec
2026-09-12T21:23:16.9963578Z Received 62914560 of 119744530 (52.5%), 58.7 MBs/sec
2026-09-12T21:23:16.9964663Z Received 20971520 of 40868779 (51.3%), 20.0 MBs/sec
2026-09-12T21:23:17.0149698Z Received 20971520 of 136315823 (15.4%), 20.0 MBs/sec
2026-09-12T21:23:17.1479753Z Received 40868779 of 40868779 (100.0%), 33.8 MBs/sec
2026-09-12T21:23:17.1482785Z Cache Size: ~39 MB (40868779 B)
2026-09-12T21:23:17.1876279Z Received 68754129 of 68754129 (100.0%), 53.7 MBs/sec
2026-09-12T21:23:17.1877549Z Cache Size: ~66 MB (68754129 B)
2026-09-12T21:23:17.2926496Z [command]/usr/bin/tar -xf /home/runner/work/_temp/e1026658-8d0e-4112-8fef-752127d452bd/cache.tzst -P -C /home/runner/work/Fynex-Manager/Fynex-Manager --use-compress-program unzstd
2026-09-12T21:23:17.3058588Z [command]/usr/bin/tar -xf /home/runner/work/_temp/3ebf45a1-bc95-4f27-8a74-0791bb120f44/cache.tzst -P -C /home/runner/work/Fynex-Manager/Fynex-Manager --use-compress-program unzstd
2026-09-12T21:23:17.4797990Z Received 119744530 of 119744530 (100.0%), 75.9 MBs/sec
2026-09-12T21:23:17.4811761Z Cache Size: ~114 MB (119744530 B)
2026-09-12T21:23:17.6846639Z [command]/usr/bin/tar -xf /home/runner/work/_temp/24cecaa8-9e70-4ede-a5e9-3bc6725d5f62/cache.tzst -P -C /home/runner/work/Fynex-Manager/Fynex-Manager --use-compress-program unzstd
2026-09-12T21:23:17.8215251Z Cache restored successfully
2026-09-12T21:23:17.8440550Z Restored cache entry with key gradle-generated-gradle-jars-v1-697f81ec8d80712ce7da03f513960371 to /home/runner/.gradle/caches/8.13/generated-gradle-jars/gradle-api-8.13.jar in 2085ms
2026-09-12T21:23:17.9356631Z Received 193638327 of 193638327 (100.0%), 92.9 MBs/sec
2026-09-12T21:23:17.9357764Z Cache Size: ~185 MB (193638327 B)
2026-09-12T21:23:17.9516122Z [command]/usr/bin/tar -xf /home/runner/work/_temp/014d9e87-a19b-4d3c-bac4-901c566ab069/cache.tzst -P -C /home/runner/work/Fynex-Manager/Fynex-Manager --use-compress-program unzstd
2026-09-12T21:23:18.0155394Z Received 125829120 of 136315823 (92.3%), 60.0 MBs/sec
2026-09-12T21:23:18.0853993Z Cache restored successfully
2026-09-12T21:23:18.0955055Z Restored cache entry with key gradle-dependencies-v1-304ed86d0d5de3562f2322ba493b9e74 to /home/runner/.gradle/caches/modules-*/files-*/*/*/*/* in 2333ms
2026-09-12T21:23:18.1729018Z Received 136315823 of 136315823 (100.0%), 60.2 MBs/sec
2026-09-12T21:23:18.1732144Z Cache Size: ~130 MB (136315823 B)
2026-09-12T21:23:18.1777585Z [command]/usr/bin/tar -xf /home/runner/work/_temp/e7ace7e1-5364-4840-8a7f-9033be70fe82/cache.tzst -P -C /home/runner/work/Fynex-Manager/Fynex-Manager --use-compress-program unzstd
2026-09-12T21:23:18.4173145Z Cache restored successfully
2026-09-12T21:23:18.4219815Z Restored cache entry with key gradle-transforms-v1-47fb7f61c95812276dc54249e4b92423 to /home/runner/.gradle/caches/transforms-4/*/,/home/runner/.gradle/caches/*/transforms/*/ in 2661ms
2026-09-12T21:23:18.5288815Z Cache restored successfully
2026-09-12T21:23:18.5354840Z Restored cache entry with key gradle-wrapper-zips-v1-2404ef08b03d28a6a12a9811a47b570f to /home/runner/.gradle/wrapper/dists/gradle-8.13-bin/5xuhj0ry160q40clulazy9h7d in 2777ms
2026-09-12T21:23:18.6344712Z Cache restored successfully
2026-09-12T21:23:18.6425528Z Restored cache entry with key gradle-java-toolchains-v1-13080c63aed8f86de18dedeeafc8a95d to /home/runner/.gradle/jdks/oracle_corporation-21-amd64-linux.2 in 2884ms
2026-09-12T21:23:18.6495260Z ##[endgroup]
2026-09-12T21:23:18.6569656Z ##[group]All Gradle Wrapper jars are valid
2026-09-12T21:23:18.6571265Z ✓ Found known Gradle Wrapper JAR files:
2026-09-12T21:23:18.6572618Z   e996d452d2645e70c01c11143ca2d3742734a28da2bf61f25c82bdc288c9e637 gradle/wrapper/gradle-wrapper.jar
2026-09-12T21:23:18.6574579Z ##[endgroup]
2026-09-12T21:23:18.6759151Z ##[group]Run chmod +x gradlew
2026-09-12T21:23:18.6759669Z [36;1mchmod +x gradlew[0m
2026-09-12T21:23:18.6796154Z shell: /usr/bin/bash -e {0}
2026-09-12T21:23:18.6796617Z env:
2026-09-12T21:23:18.6797138Z   JAVA_HOME: /opt/hostedtoolcache/Java_Temurin-Hotspot_jdk/21.0.12-1/x64
2026-09-12T21:23:18.6797903Z   JAVA_HOME_21_X64: /opt/hostedtoolcache/Java_Temurin-Hotspot_jdk/21.0.12-1/x64
2026-09-12T21:23:18.6798583Z   GRADLE_ACTION_ID: gradle/actions/setup-gradle
2026-09-12T21:23:18.6799135Z   GRADLE_USER_HOME: /home/runner/.gradle
2026-09-12T21:23:18.6799647Z   GRADLE_BUILD_ACTION_SETUP_COMPLETED: true
2026-09-12T21:23:18.6800166Z   GRADLE_BUILD_ACTION_CACHE_RESTORED: true
2026-09-12T21:23:18.6800860Z   DEVELOCITY_INJECTION_INIT_SCRIPT_NAME: gradle-actions.inject-develocity.init.gradle
2026-09-12T21:23:18.6801587Z   DEVELOCITY_INJECTION_CUSTOM_VALUE: gradle-actions
2026-09-12T21:23:18.6802123Z   GITHUB_DEPENDENCY_GRAPH_ENABLED: false
2026-09-12T21:23:18.6802588Z ##[endgroup]
2026-09-12T21:23:18.6946041Z ##[group]Run mkdir -p key
2026-09-12T21:23:18.6946619Z [36;1mmkdir -p key[0m
2026-09-12T21:23:18.6947439Z [36;1mif [ -n "***[0m
2026-09-12T21:23:18.6948159Z [36;1m***[0m
2026-09-12T21:23:18.6948803Z [36;1m***[0m
2026-09-12T21:23:18.6949453Z [36;1m***[0m
2026-09-12T21:23:18.6950077Z [36;1m***[0m
2026-09-12T21:23:18.6950721Z [36;1m***[0m
2026-09-12T21:23:18.6951419Z [36;1m***[0m
2026-09-12T21:23:18.6952032Z [36;1m***[0m
2026-09-12T21:23:18.6952642Z [36;1m***[0m
2026-09-12T21:23:18.6953267Z [36;1m***[0m
2026-09-12T21:23:18.6954318Z [36;1m***[0m
2026-09-12T21:23:18.6954967Z [36;1m***[0m
2026-09-12T21:23:18.6955594Z [36;1m***[0m
2026-09-12T21:23:18.6956198Z [36;1m***[0m
2026-09-12T21:23:18.6956811Z [36;1m***[0m
2026-09-12T21:23:18.6958073Z [36;1m***[0m
2026-09-12T21:23:18.6958899Z [36;1m***[0m
2026-09-12T21:23:18.6959529Z [36;1m***[0m
2026-09-12T21:23:18.6960146Z [36;1m***[0m
2026-09-12T21:23:18.6960788Z [36;1m***[0m
2026-09-12T21:23:18.6961461Z [36;1m***[0m
2026-09-12T21:23:18.6962103Z [36;1m***[0m
2026-09-12T21:23:18.6962700Z [36;1m***[0m
2026-09-12T21:23:18.6963518Z [36;1m***[0m
2026-09-12T21:23:18.6964134Z [36;1m***[0m
2026-09-12T21:23:18.6964795Z [36;1m***[0m
2026-09-12T21:23:18.6965449Z [36;1m***[0m
2026-09-12T21:23:18.6966092Z [36;1m***[0m
2026-09-12T21:23:18.6966763Z [36;1m***[0m
2026-09-12T21:23:18.6967426Z [36;1m***[0m
2026-09-12T21:23:18.6968021Z [36;1m***[0m
2026-09-12T21:23:18.6968673Z [36;1m***[0m
2026-09-12T21:23:18.6969303Z [36;1m***[0m
2026-09-12T21:23:18.6969950Z [36;1m***[0m
2026-09-12T21:23:18.6970580Z [36;1m***[0m
2026-09-12T21:23:18.6971212Z [36;1m***[0m
2026-09-12T21:23:18.6971855Z [36;1m***[0m
2026-09-12T21:23:18.6972461Z [36;1m***[0m
2026-09-12T21:23:18.6973090Z [36;1m***[0m
2026-09-12T21:23:18.6973824Z [36;1m***[0m
2026-09-12T21:23:18.6974439Z [36;1m***[0m
2026-09-12T21:23:18.6975048Z [36;1m***[0m
2026-09-12T21:23:18.6975705Z [36;1m***[0m
2026-09-12T21:23:18.6976327Z [36;1m***[0m
2026-09-12T21:23:18.6976956Z [36;1m***[0m
2026-09-12T21:23:18.6977582Z [36;1m***[0m
2026-09-12T21:23:18.6978203Z [36;1m***[0m
2026-09-12T21:23:18.6978857Z [36;1m***[0m
2026-09-12T21:23:18.6979280Z [36;1m***" ]; then[0m
2026-09-12T21:23:18.6979787Z [36;1m  echo "Decodificando chave a partir do secret KEY..."[0m
2026-09-12T21:23:18.6980646Z [36;1m  echo "***[0m
2026-09-12T21:23:18.6981526Z [36;1m***[0m
2026-09-12T21:23:18.6982151Z [36;1m***[0m
2026-09-12T21:23:18.6982796Z [36;1m***[0m
2026-09-12T21:23:18.6983642Z [36;1m***[0m
2026-09-12T21:23:18.6984373Z [36;1m***[0m
2026-09-12T21:23:18.6985019Z [36;1m***[0m
2026-09-12T21:23:18.6985629Z [36;1m***[0m
2026-09-12T21:23:18.6986241Z [36;1m***[0m
2026-09-12T21:23:18.6986858Z [36;1m***[0m
2026-09-12T21:23:18.6987505Z [36;1m***[0m
2026-09-12T21:23:18.6988121Z [36;1m***[0m
2026-09-12T21:23:18.6988734Z [36;1m***[0m
2026-09-12T21:23:18.6989330Z [36;1m***[0m
2026-09-12T21:23:18.6989969Z [36;1m***[0m
2026-09-12T21:23:18.6990579Z [36;1m***[0m
2026-09-12T21:23:18.6991186Z [36;1m***[0m
2026-09-12T21:23:18.6991786Z [36;1m***[0m
2026-09-12T21:23:18.6992393Z [36;1m***[0m
2026-09-12T21:23:18.6993033Z [36;1m***[0m
2026-09-12T21:23:18.6993821Z [36;1m***[0m
2026-09-12T21:23:18.6994463Z [36;1m***[0m
2026-09-12T21:23:18.6995065Z [36;1m***[0m
2026-09-12T21:23:18.6995703Z [36;1m***[0m
2026-09-12T21:23:18.6996308Z [36;1m***[0m
2026-09-12T21:23:18.6996974Z [36;1m***[0m
2026-09-12T21:23:18.6997618Z [36;1m***[0m
2026-09-12T21:23:18.6998265Z [36;1m***[0m
2026-09-12T21:23:18.6998915Z [36;1m***[0m
2026-09-12T21:23:18.6999551Z [36;1m***[0m
2026-09-12T21:23:18.7000140Z [36;1m***[0m
2026-09-12T21:23:18.7000770Z [36;1m***[0m
2026-09-12T21:23:18.7001386Z [36;1m***[0m
2026-09-12T21:23:18.7002026Z [36;1m***[0m
2026-09-12T21:23:18.7002645Z [36;1m***[0m
2026-09-12T21:23:18.7003264Z [36;1m***[0m
2026-09-12T21:23:18.7004051Z [36;1m***[0m
2026-09-12T21:23:18.7004655Z [36;1m***[0m
2026-09-12T21:23:18.7005464Z [36;1m***[0m
2026-09-12T21:23:18.7006083Z [36;1m***[0m
2026-09-12T21:23:18.7006700Z [36;1m***[0m
2026-09-12T21:23:18.7007321Z [36;1m***[0m
2026-09-12T21:23:18.7007955Z [36;1m***[0m
2026-09-12T21:23:18.7008555Z [36;1m***[0m
2026-09-12T21:23:18.7009166Z [36;1m***[0m
2026-09-12T21:23:18.7009783Z [36;1m***[0m
2026-09-12T21:23:18.7010376Z [36;1m***[0m
2026-09-12T21:23:18.7011013Z [36;1m***[0m
2026-09-12T21:23:18.7011490Z [36;1m***" | base64 -d > key/release.jks[0m
2026-09-12T21:23:18.7011978Z [36;1melse[0m
2026-09-12T21:23:18.7012552Z [36;1m  echo "Secret KEY não configurado. Gradle usará assinatura de fallback."[0m
2026-09-12T21:23:18.7013195Z [36;1mfi[0m
2026-09-12T21:23:18.7046734Z shell: /usr/bin/bash -e {0}
2026-09-12T21:23:18.7047200Z env:
2026-09-12T21:23:18.7047728Z   JAVA_HOME: /opt/hostedtoolcache/Java_Temurin-Hotspot_jdk/21.0.12-1/x64
2026-09-12T21:23:18.7048505Z   JAVA_HOME_21_X64: /opt/hostedtoolcache/Java_Temurin-Hotspot_jdk/21.0.12-1/x64
2026-09-12T21:23:18.7049210Z   GRADLE_ACTION_ID: gradle/actions/setup-gradle
2026-09-12T21:23:18.7049747Z   GRADLE_USER_HOME: /home/runner/.gradle
2026-09-12T21:23:18.7050242Z   GRADLE_BUILD_ACTION_SETUP_COMPLETED: true
2026-09-12T21:23:18.7050737Z   GRADLE_BUILD_ACTION_CACHE_RESTORED: true
2026-09-12T21:23:18.7051415Z   DEVELOCITY_INJECTION_INIT_SCRIPT_NAME: gradle-actions.inject-develocity.init.gradle
2026-09-12T21:23:18.7052148Z   DEVELOCITY_INJECTION_CUSTOM_VALUE: gradle-actions
2026-09-12T21:23:18.7052687Z   GITHUB_DEPENDENCY_GRAPH_ENABLED: false
2026-09-12T21:23:18.7053160Z ##[endgroup]
2026-09-12T21:23:18.7124859Z Decodificando chave a partir do secret KEY...
2026-09-12T21:23:18.7179916Z ##[group]Run ./gradlew assembleRelease --stacktrace
2026-09-12T21:23:18.7180557Z [36;1m./gradlew assembleRelease --stacktrace[0m
2026-09-12T21:23:18.7212929Z shell: /usr/bin/bash -e {0}
2026-09-12T21:23:18.7213606Z env:
2026-09-12T21:23:18.7214132Z   JAVA_HOME: /opt/hostedtoolcache/Java_Temurin-Hotspot_jdk/21.0.12-1/x64
2026-09-12T21:23:18.7214891Z   JAVA_HOME_21_X64: /opt/hostedtoolcache/Java_Temurin-Hotspot_jdk/21.0.12-1/x64
2026-09-12T21:23:18.7215556Z   GRADLE_ACTION_ID: gradle/actions/setup-gradle
2026-09-12T21:23:18.7216080Z   GRADLE_USER_HOME: /home/runner/.gradle
2026-09-12T21:23:18.7216578Z   GRADLE_BUILD_ACTION_SETUP_COMPLETED: true
2026-09-12T21:23:18.7217082Z   GRADLE_BUILD_ACTION_CACHE_RESTORED: true
2026-09-12T21:23:18.7217936Z   DEVELOCITY_INJECTION_INIT_SCRIPT_NAME: gradle-actions.inject-develocity.init.gradle
2026-09-12T21:23:18.7218655Z   DEVELOCITY_INJECTION_CUSTOM_VALUE: gradle-actions
2026-09-12T21:23:18.7219204Z   GITHUB_DEPENDENCY_GRAPH_ENABLED: false
2026-09-12T21:23:18.7238110Z   KEY: ***
2026-09-12T21:23:18.7238530Z   KEY_ALIAS: ***
2026-09-12T21:23:18.7238926Z   KEYSTORE_PASSWORD: 
2026-09-12T21:23:18.7239360Z   KEY_PASSWORD: ***
2026-09-12T21:23:18.7239754Z ##[endgroup]
2026-09-12T21:23:19.6396802Z Starting a Gradle Daemon (subsequent builds will be faster)
2026-09-12T21:23:19.6414496Z Daemon JVM discovery is an incubating feature.
2026-09-12T21:23:35.0390171Z 
2026-09-12T21:23:35.0420920Z > Configure project :app
2026-09-12T21:23:35.0422474Z e: file:///home/runner/work/Fynex-Manager/Fynex-Manager/app/build.gradle.kts:33:49: Unresolved reference: util
2026-09-12T21:23:35.0445433Z e: file:///home/runner/work/Fynex-Manager/Fynex-Manager/app/build.gradle.kts:90:9: Using 'jvmTarget: String' is an error. Please migrate to the compilerOptions DSL. More details are here: https://kotl.in/u1r8ln
2026-09-12T21:23:35.1418182Z 
2026-09-12T21:23:35.1448122Z FAILURE: Build failed with an exception.
2026-09-12T21:23:35.1449795Z gradle/actions: Writing build results to /home/runner/work/_temp/.gradle-actions/build-results/__run_4-1789248205422.json
2026-09-12T21:23:35.1479676Z 
2026-09-12T21:23:35.1584007Z * Where:
2026-09-12T21:23:35.1585239Z Build file '/home/runner/work/Fynex-Manager/Fynex-Manager/app/build.gradle.kts' line: 33
2026-09-12T21:23:35.1586194Z 
2026-09-12T21:23:35.1586525Z * What went wrong:
2026-09-12T21:23:35.1587293Z Script compilation errors:
2026-09-12T21:23:35.1587755Z 
2026-09-12T21:23:35.1588480Z   Line 33:                         val decodedBytes = java.util.Base64.getDecoder().decode(keyBase64.trim())
2026-09-12T21:23:35.1589875Z                                                            ^ Unresolved reference: util
2026-09-12T21:23:35.1590555Z 
2026-09-12T21:23:35.1590894Z   Line 90:         jvmTarget = "17"
2026-09-12T21:23:35.1592458Z                    ^ Using 'jvmTarget: String' is an error. Please migrate to the compilerOptions DSL. More details are here: https://kotl.in/u1r8ln
2026-09-12T21:23:35.1593963Z 
2026-09-12T21:23:35.1594288Z 2 errors
2026-09-12T21:23:35.1594648Z 
2026-09-12T21:23:35.1594948Z * Try:
2026-09-12T21:23:35.1595757Z > Run with --info or --debug option to get more log output.
2026-09-12T21:23:35.1596752Z > Run with --scan to get full insights.
2026-09-12T21:23:35.1597661Z > Get more help at https://help.gradle.org.
2026-09-12T21:23:35.1598241Z 
2026-09-12T21:23:35.1598674Z * Exception is:
2026-09-12T21:23:35.1602818Z ScriptCompilationException(scriptCompilationErrors=[ScriptCompilationError(message=Unresolved reference: util, location=/home/runner/.gradle/.tmp/gradle-kotlin-dsl-7958668709979109549.tmp/build.gradle.kts (33:49)), ScriptCompilationError(message=Using 'jvmTarget: String' is an error. Please migrate to the compilerOptions DSL. More details are here: https://kotl.in/u1r8ln, location=/home/runner/.gradle/.tmp/gradle-kotlin-dsl-7958668709979109549.tmp/build.gradle.kts (90:9))])
2026-09-12T21:23:35.1608325Z 	at org.gradle.kotlin.dsl.support.KotlinCompilerKt.reportToMessageCollectorAndThrowOnErrors(KotlinCompiler.kt:277)
2026-09-12T21:23:35.1610476Z 	at org.gradle.kotlin.dsl.support.KotlinCompilerKt.compileKotlinScriptModuleTo(KotlinCompiler.kt:246)
2026-09-12T21:23:35.1612498Z 	at org.gradle.kotlin.dsl.support.KotlinCompilerKt.compileKotlinScriptToDirectory(KotlinCompiler.kt:198)
2026-09-12T21:23:35.1735186Z 	at org.gradle.kotlin.dsl.execution.ResidualProgramCompiler$compileScript$1.invoke(ResidualProgramCompiler.kt:713)
2026-09-12T21:23:35.1737432Z 	at org.gradle.kotlin.dsl.execution.ResidualProgramCompiler$compileScript$1.invoke(ResidualProgramCompiler.kt:712)
2026-09-12T21:23:35.1739894Z 	at org.gradle.kotlin.dsl.provider.StandardKotlinScriptEvaluator$InterpreterHost$runCompileBuildOperation$1.call(KotlinScriptEvaluator.kt:209)
2026-09-12T21:23:35.1742607Z 	at org.gradle.kotlin.dsl.provider.StandardKotlinScriptEvaluator$InterpreterHost$runCompileBuildOperation$1.call(KotlinScriptEvaluator.kt:206)
2026-09-12T21:23:35.1745939Z 	at org.gradle.internal.operations.DefaultBuildOperationRunner$CallableBuildOperationWorker.execute(DefaultBuildOperationRunner.java:210)
2026-09-12T21:23:35.1748641Z 	at org.gradle.internal.operations.DefaultBuildOperationRunner$CallableBuildOperationWorker.execute(DefaultBuildOperationRunner.java:205)
2026-09-12T21:23:35.1751090Z 	at org.gradle.internal.operations.DefaultBuildOperationRunner$2.execute(DefaultBuildOperationRunner.java:67)
2026-09-12T21:23:35.1753293Z 	at org.gradle.internal.operations.DefaultBuildOperationRunner$2.execute(DefaultBuildOperationRunner.java:60)
2026-09-12T21:23:35.1755642Z 	at org.gradle.internal.operations.DefaultBuildOperationRunner.execute(DefaultBuildOperationRunner.java:167)
2026-09-12T21:23:35.1757765Z 	at org.gradle.internal.operations.DefaultBuildOperationRunner.execute(DefaultBuildOperationRunner.java:60)
2026-09-12T21:23:35.1759874Z 	at org.gradle.internal.operations.DefaultBuildOperationRunner.call(DefaultBuildOperationRunner.java:54)
2026-09-12T21:23:35.1762145Z 	at org.gradle.kotlin.dsl.provider.StandardKotlinScriptEvaluator$InterpreterHost.runCompileBuildOperation(KotlinScriptEvaluator.kt:206)
2026-09-12T21:23:35.1808251Z 	at org.gradle.kotlin.dsl.execution.Interpreter$ProgramHost$compileSecondStageOf$cacheDir$1$1$1$1$1.invoke(Interpreter.kt:492)
2026-09-12T21:23:35.1810522Z 	at org.gradle.kotlin.dsl.execution.Interpreter$ProgramHost$compileSecondStageOf$cacheDir$1$1$1$1$1.invoke(Interpreter.kt:492)
2026-09-12T21:23:35.1812786Z 	at org.gradle.kotlin.dsl.execution.ResidualProgramCompiler.compileScript-C5AE47M(ResidualProgramCompiler.kt:712)
2026-09-12T21:23:35.1815395Z 	at org.gradle.kotlin.dsl.execution.ResidualProgramCompiler.compileScript-C5AE47M$default(ResidualProgramCompiler.kt:705)
2026-09-12T21:23:35.1817709Z 	at org.gradle.kotlin.dsl.execution.ResidualProgramCompiler.emitStage2ProgramFor(ResidualProgramCompiler.kt:364)
2026-09-12T21:23:35.1819881Z 	at org.gradle.kotlin.dsl.execution.Interpreter$ProgramHost$compileSecondStageOf$cacheDir$1.invoke(Interpreter.kt:493)
2026-09-12T21:23:35.1821981Z 	at org.gradle.kotlin.dsl.execution.Interpreter$ProgramHost$compileSecondStageOf$cacheDir$1.invoke(Interpreter.kt:469)
2026-09-12T21:23:35.1824648Z 	at org.gradle.kotlin.dsl.provider.StandardKotlinScriptEvaluator$KotlinScriptCompilationAndInstrumentation.compile(KotlinScriptEvaluator.kt:440)
2026-09-12T21:23:35.1827408Z 	at org.gradle.internal.scripts.BuildScriptCompilationAndInstrumentation.execute(BuildScriptCompilationAndInstrumentation.java:136)
2026-09-12T21:23:35.1829582Z 	at org.gradle.internal.execution.steps.ExecuteStep.executeInternal(ExecuteStep.java:105)
2026-09-12T21:23:35.1831222Z 	at org.gradle.internal.execution.steps.ExecuteStep.access$000(ExecuteStep.java:44)
2026-09-12T21:23:35.1832757Z 	at org.gradle.internal.execution.steps.ExecuteStep$1.call(ExecuteStep.java:59)
2026-09-12T21:23:35.1864735Z 	at org.gradle.internal.execution.steps.ExecuteStep$1.call(ExecuteStep.java:56)
2026-09-12T21:23:35.1866681Z 	at org.gradle.internal.operations.DefaultBuildOperationRunner$CallableBuildOperationWorker.execute(DefaultBuildOperationRunner.java:210)
2026-09-12T21:23:35.1869313Z 	at org.gradle.internal.operations.DefaultBuildOperationRunner$CallableBuildOperationWorker.execute(DefaultBuildOperationRunner.java:205)
2026-09-12T21:23:35.1871510Z 	at org.gradle.internal.operations.DefaultBuildOperationRunner$2.execute(DefaultBuildOperationRunner.java:67)
2026-09-12T21:23:35.1873595Z 	at org.gradle.internal.operations.DefaultBuildOperationRunner$2.execute(DefaultBuildOperationRunner.java:60)
2026-09-12T21:23:35.1875524Z 	at org.gradle.internal.operations.DefaultBuildOperationRunner.execute(DefaultBuildOperationRunner.java:167)
2026-09-12T21:23:35.1877654Z 	at org.gradle.internal.operations.DefaultBuildOperationRunner.execute(DefaultBuildOperationRunner.java:60)
2026-09-12T21:23:35.1879501Z 	at org.gradle.internal.operations.DefaultBuildOperationRunner.call(DefaultBuildOperationRunner.java:54)
2026-09-12T21:23:35.1881307Z 	at org.gradle.internal.execution.steps.ExecuteStep.execute(ExecuteStep.java:56)
2026-09-12T21:23:35.1882685Z 	at org.gradle.internal.execution.steps.ExecuteStep.execute(ExecuteStep.java:44)
2026-09-12T21:23:35.1885791Z 	at org.gradle.internal.execution.steps.CancelExecutionStep.execute(CancelExecutionStep.java:42)
2026-09-12T21:23:35.1887582Z 	at org.gradle.internal.execution.steps.TimeoutStep.executeWithoutTimeout(TimeoutStep.java:75)
2026-09-12T21:23:35.1890885Z 	at org.gradle.internal.execution.steps.TimeoutStep.execute(TimeoutStep.java:55)
2026-09-12T21:23:35.1899949Z 	at org.gradle.internal.execution.steps.PreCreateOutputParentsStep.execute(PreCreateOutputParentsStep.java:50)
2026-09-12T21:23:35.1901917Z 	at org.gradle.internal.execution.steps.PreCreateOutputParentsStep.execute(PreCreateOutputParentsStep.java:28)
2026-09-12T21:23:35.1904168Z 	at org.gradle.internal.execution.steps.BroadcastChangingOutputsStep.execute(BroadcastChangingOutputsStep.java:61)
2026-09-12T21:23:35.1906396Z 	at org.gradle.internal.execution.steps.BroadcastChangingOutputsStep.execute(BroadcastChangingOutputsStep.java:26)
2026-09-12T21:23:35.1908382Z 	at org.gradle.internal.execution.steps.NoInputChangesStep.execute(NoInputChangesStep.java:30)
2026-09-12T21:23:35.1910224Z 	at org.gradle.internal.execution.steps.NoInputChangesStep.execute(NoInputChangesStep.java:21)
2026-09-12T21:23:35.1912395Z 	at org.gradle.internal.execution.steps.CaptureOutputsAfterExecutionStep.execute(CaptureOutputsAfterExecutionStep.java:69)
2026-09-12T21:23:35.1915001Z 	at org.gradle.internal.execution.steps.CaptureOutputsAfterExecutionStep.execute(CaptureOutputsAfterExecutionStep.java:46)
2026-09-12T21:23:35.1917199Z 	at org.gradle.internal.execution.steps.BuildCacheStep.executeWithoutCache(BuildCacheStep.java:189)
2026-09-12T21:23:35.1919098Z 	at org.gradle.internal.execution.steps.BuildCacheStep.lambda$execute$1(BuildCacheStep.java:75)
2026-09-12T21:23:35.1920596Z 	at org.gradle.internal.Either$Right.fold(Either.java:175)
2026-09-12T21:23:35.1922158Z 	at org.gradle.internal.execution.caching.CachingState.fold(CachingState.java:62)
2026-09-12T21:23:35.1924105Z 	at org.gradle.internal.execution.steps.BuildCacheStep.execute(BuildCacheStep.java:73)
2026-09-12T21:23:35.1925781Z 	at org.gradle.internal.execution.steps.BuildCacheStep.execute(BuildCacheStep.java:48)
2026-09-12T21:23:35.1927520Z 	at org.gradle.internal.execution.steps.NeverUpToDateStep.execute(NeverUpToDateStep.java:34)
2026-09-12T21:23:35.1929306Z 	at org.gradle.internal.execution.steps.NeverUpToDateStep.execute(NeverUpToDateStep.java:22)
2026-09-12T21:23:35.1931550Z 	at org.gradle.internal.execution.steps.legacy.MarkSnapshottingInputsFinishedStep.execute(MarkSnapshottingInputsFinishedStep.java:37)
2026-09-12T21:23:35.1934552Z 	at org.gradle.internal.execution.steps.legacy.MarkSnapshottingInputsFinishedStep.execute(MarkSnapshottingInputsFinishedStep.java:27)
2026-09-12T21:23:35.1937384Z 	at org.gradle.internal.execution.steps.ResolveNonIncrementalCachingStateStep.executeDelegate(ResolveNonIncrementalCachingStateStep.java:50)
2026-09-12T21:23:35.1940310Z 	at org.gradle.internal.execution.steps.AbstractResolveCachingStateStep.execute(AbstractResolveCachingStateStep.java:71)
2026-09-12T21:23:35.1942747Z 	at org.gradle.internal.execution.steps.AbstractResolveCachingStateStep.execute(AbstractResolveCachingStateStep.java:39)
2026-09-12T21:23:35.1944976Z 	at org.gradle.internal.execution.steps.ValidateStep.execute(ValidateStep.java:107)
2026-09-12T21:23:35.1946625Z 	at org.gradle.internal.execution.steps.ValidateStep.execute(ValidateStep.java:56)
2026-09-12T21:23:35.1950751Z 	at org.gradle.internal.execution.steps.AbstractCaptureStateBeforeExecutionStep.execute(AbstractCaptureStateBeforeExecutionStep.java:64)
2026-09-12T21:23:35.1953857Z 	at org.gradle.internal.execution.steps.AbstractCaptureStateBeforeExecutionStep.execute(AbstractCaptureStateBeforeExecutionStep.java:43)
2026-09-12T21:23:35.1956543Z 	at org.gradle.internal.execution.steps.legacy.MarkSnapshottingInputsStartedStep.execute(MarkSnapshottingInputsStartedStep.java:38)
2026-09-12T21:23:35.1959479Z 	at org.gradle.internal.execution.steps.AssignImmutableWorkspaceStep.lambda$executeInTemporaryWorkspace$3(AssignImmutableWorkspaceStep.java:209)
2026-09-12T21:23:35.1962386Z 	at org.gradle.internal.execution.workspace.impl.CacheBasedImmutableWorkspaceProvider$1.withTemporaryWorkspace(CacheBasedImmutableWorkspaceProvider.java:116)
2026-09-12T21:23:35.1986325Z 	at org.gradle.internal.execution.steps.AssignImmutableWorkspaceStep.executeInTemporaryWorkspace(AssignImmutableWorkspaceStep.java:199)
2026-09-12T21:23:35.1988998Z 	at org.gradle.internal.execution.steps.AssignImmutableWorkspaceStep.lambda$execute$0(AssignImmutableWorkspaceStep.java:121)
2026-09-12T21:23:35.1991347Z 	at org.gradle.internal.execution.steps.AssignImmutableWorkspaceStep.execute(AssignImmutableWorkspaceStep.java:121)
2026-09-12T21:23:35.1993845Z 	at org.gradle.internal.execution.steps.AssignImmutableWorkspaceStep.execute(AssignImmutableWorkspaceStep.java:90)
2026-09-12T21:23:35.1995855Z 	at org.gradle.internal.execution.steps.ChoosePipelineStep.execute(ChoosePipelineStep.java:38)
2026-09-12T21:23:35.1997667Z 	at org.gradle.internal.execution.steps.ChoosePipelineStep.execute(ChoosePipelineStep.java:23)
2026-09-12T21:23:35.1999855Z 	at org.gradle.internal.execution.steps.ExecuteWorkBuildOperationFiringStep.lambda$execute$2(ExecuteWorkBuildOperationFiringStep.java:67)
2026-09-12T21:23:35.2002430Z 	at org.gradle.internal.execution.steps.ExecuteWorkBuildOperationFiringStep.execute(ExecuteWorkBuildOperationFiringStep.java:67)
2026-09-12T21:23:35.2005155Z 	at org.gradle.internal.execution.steps.ExecuteWorkBuildOperationFiringStep.execute(ExecuteWorkBuildOperationFiringStep.java:39)
2026-09-12T21:23:35.2007347Z 	at org.gradle.internal.execution.steps.IdentityCacheStep.execute(IdentityCacheStep.java:46)
2026-09-12T21:23:35.2009165Z 	at org.gradle.internal.execution.steps.IdentityCacheStep.execute(IdentityCacheStep.java:34)
2026-09-12T21:23:35.2010913Z 	at org.gradle.internal.execution.steps.IdentifyStep.execute(IdentifyStep.java:48)
2026-09-12T21:23:35.2022162Z 	at org.gradle.internal.execution.steps.IdentifyStep.execute(IdentifyStep.java:35)
2026-09-12T21:23:35.2024302Z 	at org.gradle.internal.execution.impl.DefaultExecutionEngine$1.execute(DefaultExecutionEngine.java:61)
2026-09-12T21:23:35.2026485Z 	at org.gradle.kotlin.dsl.provider.StandardKotlinScriptEvaluator$InterpreterHost.cachedDirFor(KotlinScriptEvaluator.kt:304)
2026-09-12T21:23:35.2028532Z 	at org.gradle.kotlin.dsl.execution.Interpreter$ProgramHost.compileSecondStageOf(Interpreter.kt:469)
2026-09-12T21:23:35.2033061Z 	at Program.loadSecondStageFor(Unknown Source)
2026-09-12T21:23:35.2034851Z 	at org.gradle.kotlin.dsl.execution.Interpreter$ProgramHost.evaluateSecondStageOf(Interpreter.kt:433)
2026-09-12T21:23:35.2036277Z 	at Program.execute(Unknown Source)
2026-09-12T21:23:35.2037471Z 	at org.gradle.kotlin.dsl.execution.Interpreter$ProgramHost.eval(Interpreter.kt:516)
2026-09-12T21:23:35.2039016Z 	at org.gradle.kotlin.dsl.execution.Interpreter.eval(Interpreter.kt:214)
2026-09-12T21:23:35.2040754Z 	at org.gradle.kotlin.dsl.provider.StandardKotlinScriptEvaluator.evaluate(KotlinScriptEvaluator.kt:133)
2026-09-12T21:23:35.2046881Z 	at org.gradle.kotlin.dsl.provider.KotlinScriptPluginFactory$create$1.invoke(KotlinScriptPluginFactory.kt:61)
2026-09-12T21:23:35.2049011Z 	at org.gradle.kotlin.dsl.provider.KotlinScriptPluginFactory$create$1.invoke(KotlinScriptPluginFactory.kt:52)
2026-09-12T21:23:35.2050840Z 	at org.gradle.kotlin.dsl.provider.KotlinScriptPlugin.apply(KotlinScriptPlugin.kt:35)
2026-09-12T21:23:35.2052522Z 	at org.gradle.configuration.BuildOperationScriptPlugin$1.run(BuildOperationScriptPlugin.java:68)
2026-09-12T21:23:35.2054748Z 	at org.gradle.internal.operations.DefaultBuildOperationRunner$1.execute(DefaultBuildOperationRunner.java:30)
2026-09-12T21:23:35.2056828Z 	at org.gradle.internal.operations.DefaultBuildOperationRunner$1.execute(DefaultBuildOperationRunner.java:27)
2026-09-12T21:23:35.2059127Z 	at org.gradle.internal.operations.DefaultBuildOperationRunner$2.execute(DefaultBuildOperationRunner.java:67)
2026-09-12T21:23:35.2061248Z 	at org.gradle.internal.operations.DefaultBuildOperationRunner$2.execute(DefaultBuildOperationRunner.java:60)
2026-09-12T21:23:35.2063649Z 	at org.gradle.internal.operations.DefaultBuildOperationRunner.execute(DefaultBuildOperationRunner.java:167)
2026-09-12T21:23:35.2065847Z 	at org.gradle.internal.operations.DefaultBuildOperationRunner.execute(DefaultBuildOperationRunner.java:60)
2026-09-12T21:23:35.2068013Z 	at org.gradle.internal.operations.DefaultBuildOperationRunner.run(DefaultBuildOperationRunner.java:48)
2026-09-12T21:23:35.2070116Z 	at org.gradle.configuration.BuildOperationScriptPlugin.lambda$apply$0(BuildOperationScriptPlugin.java:65)
2026-09-12T21:23:35.2072314Z 	at org.gradle.internal.code.DefaultUserCodeApplicationContext.apply(DefaultUserCodeApplicationContext.java:44)
2026-09-12T21:23:35.2074704Z 	at org.gradle.configuration.BuildOperationScriptPlugin.apply(BuildOperationScriptPlugin.java:65)
2026-09-12T21:23:35.2077064Z 	at org.gradle.api.internal.project.DefaultProjectStateRegistry$ProjectStateImpl.lambda$applyToMutableState$1(DefaultProjectStateRegistry.java:435)
2026-09-12T21:23:35.2079682Z 	at org.gradle.api.internal.project.DefaultProjectStateRegistry$ProjectStateImpl.fromMutableState(DefaultProjectStateRegistry.java:453)
2026-09-12T21:23:35.2082251Z 	at org.gradle.api.internal.project.DefaultProjectStateRegistry$ProjectStateImpl.applyToMutableState(DefaultProjectStateRegistry.java:434)
2026-09-12T21:23:35.2084582Z 	at org.gradle.configuration.project.BuildScriptProcessor.execute(BuildScriptProcessor.java:46)
2026-09-12T21:23:35.2086604Z 	at org.gradle.configuration.project.BuildScriptProcessor.execute(BuildScriptProcessor.java:27)
2026-09-12T21:23:35.2088736Z 	at org.gradle.configuration.project.ConfigureActionsProjectEvaluator.evaluate(ConfigureActionsProjectEvaluator.java:35)
2026-09-12T21:23:35.2091256Z 	at org.gradle.configuration.project.LifecycleProjectEvaluator$EvaluateProject.lambda$run$0(LifecycleProjectEvaluator.java:109)
2026-09-12T21:23:35.2094050Z 	at org.gradle.api.internal.project.DefaultProjectStateRegistry$ProjectStateImpl.lambda$applyToMutableState$1(DefaultProjectStateRegistry.java:435)
2026-09-12T21:23:35.2096868Z 	at org.gradle.api.internal.project.DefaultProjectStateRegistry$ProjectStateImpl.lambda$fromMutableState$2(DefaultProjectStateRegistry.java:458)
2026-09-12T21:23:35.2099279Z 	at org.gradle.internal.work.DefaultWorkerLeaseService.withReplacedLocks(DefaultWorkerLeaseService.java:359)
2026-09-12T21:23:35.2101739Z 	at org.gradle.api.internal.project.DefaultProjectStateRegistry$ProjectStateImpl.fromMutableState(DefaultProjectStateRegistry.java:458)
2026-09-12T21:23:35.2104452Z 	at org.gradle.api.internal.project.DefaultProjectStateRegistry$ProjectStateImpl.applyToMutableState(DefaultProjectStateRegistry.java:434)
2026-09-12T21:23:35.2106863Z 	at org.gradle.configuration.project.LifecycleProjectEvaluator$EvaluateProject.run(LifecycleProjectEvaluator.java:100)
2026-09-12T21:23:35.2109088Z 	at org.gradle.internal.operations.DefaultBuildOperationRunner$1.execute(DefaultBuildOperationRunner.java:30)
2026-09-12T21:23:35.2111352Z 	at org.gradle.internal.operations.DefaultBuildOperationRunner$1.execute(DefaultBuildOperationRunner.java:27)
2026-09-12T21:23:35.2113555Z 	at org.gradle.internal.operations.DefaultBuildOperationRunner$2.execute(DefaultBuildOperationRunner.java:67)
2026-09-12T21:23:35.2115537Z 	at org.gradle.internal.operations.DefaultBuildOperationRunner$2.execute(DefaultBuildOperationRunner.java:60)
2026-09-12T21:23:35.2117599Z 	at org.gradle.internal.operations.DefaultBuildOperationRunner.execute(DefaultBuildOperationRunner.java:167)
2026-09-12T21:23:35.2119647Z 	at org.gradle.internal.operations.DefaultBuildOperationRunner.execute(DefaultBuildOperationRunner.java:60)
2026-09-12T21:23:35.2121631Z 	at org.gradle.internal.operations.DefaultBuildOperationRunner.run(DefaultBuildOperationRunner.java:48)
2026-09-12T21:23:35.2124020Z 	at org.gradle.configuration.project.LifecycleProjectEvaluator.evaluate(LifecycleProjectEvaluator.java:72)
2026-09-12T21:23:35.2125874Z 	at org.gradle.api.internal.project.DefaultProject.evaluateUnchecked(DefaultProject.java:828)
2026-09-12T21:23:35.2127889Z 	at org.gradle.api.internal.project.ProjectLifecycleController.lambda$ensureSelfConfigured$2(ProjectLifecycleController.java:89)
2026-09-12T21:23:35.2130104Z 	at org.gradle.internal.model.StateTransitionController.lambda$doTransition$14(StateTransitionController.java:255)
2026-09-12T21:23:35.2132121Z 	at org.gradle.internal.model.StateTransitionController.doTransition(StateTransitionController.java:266)
2026-09-12T21:23:35.2134273Z 	at org.gradle.internal.model.StateTransitionController.doTransition(StateTransitionController.java:254)
2026-09-12T21:23:35.2136598Z 	at org.gradle.internal.model.StateTransitionController.lambda$maybeTransitionIfNotCurrentlyTransitioning$10(StateTransitionController.java:199)
2026-09-12T21:23:35.2138763Z 	at org.gradle.internal.work.DefaultSynchronizer.withLock(DefaultSynchronizer.java:36)
2026-09-12T21:23:35.2140945Z 	at org.gradle.internal.model.StateTransitionController.maybeTransitionIfNotCurrentlyTransitioning(StateTransitionController.java:195)
2026-09-12T21:23:35.2143626Z 	at org.gradle.api.internal.project.ProjectLifecycleController.ensureSelfConfigured(ProjectLifecycleController.java:89)
2026-09-12T21:23:35.2146031Z 	at org.gradle.api.internal.project.DefaultProjectStateRegistry$ProjectStateImpl.ensureConfigured(DefaultProjectStateRegistry.java:400)
2026-09-12T21:23:35.2148167Z 	at org.gradle.execution.TaskPathProjectEvaluator.configure(TaskPathProjectEvaluator.java:70)
2026-09-12T21:23:35.2150106Z 	at org.gradle.execution.TaskPathProjectEvaluator.configureHierarchy(TaskPathProjectEvaluator.java:86)
2026-09-12T21:23:35.2152125Z 	at org.gradle.configuration.DefaultProjectsPreparer.prepareProjects(DefaultProjectsPreparer.java:50)
2026-09-12T21:23:35.2154674Z 	at org.gradle.configuration.BuildTreePreparingProjectsPreparer.prepareProjects(BuildTreePreparingProjectsPreparer.java:65)
2026-09-12T21:23:35.2157226Z 	at org.gradle.configuration.BuildOperationFiringProjectsPreparer$ConfigureBuild.run(BuildOperationFiringProjectsPreparer.java:52)
2026-09-12T21:23:35.2159588Z 	at org.gradle.internal.operations.DefaultBuildOperationRunner$1.execute(DefaultBuildOperationRunner.java:30)
2026-09-12T21:23:35.2161714Z 	at org.gradle.internal.operations.DefaultBuildOperationRunner$1.execute(DefaultBuildOperationRunner.java:27)
2026-09-12T21:23:35.2164001Z 	at org.gradle.internal.operations.DefaultBuildOperationRunner$2.execute(DefaultBuildOperationRunner.java:67)
2026-09-12T21:23:35.2166142Z 	at org.gradle.internal.operations.DefaultBuildOperationRunner$2.execute(DefaultBuildOperationRunner.java:60)
2026-09-12T21:23:35.2168262Z 	at org.gradle.internal.operations.DefaultBuildOperationRunner.execute(DefaultBuildOperationRunner.java:167)
2026-09-12T21:23:35.2170370Z 	at org.gradle.internal.operations.DefaultBuildOperationRunner.execute(DefaultBuildOperationRunner.java:60)
2026-09-12T21:23:35.2172451Z 	at org.gradle.internal.operations.DefaultBuildOperationRunner.run(DefaultBuildOperationRunner.java:48)
2026-09-12T21:23:35.2175074Z 	at org.gradle.configuration.BuildOperationFiringProjectsPreparer.prepareProjects(BuildOperationFiringProjectsPreparer.java:40)
2026-09-12T21:23:35.2177490Z 	at org.gradle.initialization.VintageBuildModelController.lambda$prepareProjects$2(VintageBuildModelController.java:84)
2026-09-12T21:23:35.2179709Z 	at org.gradle.internal.model.StateTransitionController.lambda$doTransition$14(StateTransitionController.java:255)
2026-09-12T21:23:35.2181819Z 	at org.gradle.internal.model.StateTransitionController.doTransition(StateTransitionController.java:266)
2026-09-12T21:23:35.2184106Z 	at org.gradle.internal.model.StateTransitionController.doTransition(StateTransitionController.java:254)
2026-09-12T21:23:35.2186354Z 	at org.gradle.internal.model.StateTransitionController.lambda$transitionIfNotPreviously$11(StateTransitionController.java:213)
2026-09-12T21:23:35.2188600Z 	at org.gradle.internal.work.DefaultSynchronizer.withLock(DefaultSynchronizer.java:36)
2026-09-12T21:23:35.2190617Z 	at org.gradle.internal.model.StateTransitionController.transitionIfNotPreviously(StateTransitionController.java:209)
2026-09-12T21:23:35.2192918Z 	at org.gradle.initialization.VintageBuildModelController.prepareProjects(VintageBuildModelController.java:84)
2026-09-12T21:23:35.2195403Z 	at org.gradle.initialization.VintageBuildModelController.prepareToScheduleTasks(VintageBuildModelController.java:71)
2026-09-12T21:23:35.2197884Z 	at org.gradle.internal.build.DefaultBuildLifecycleController.lambda$prepareToScheduleTasks$6(DefaultBuildLifecycleController.java:175)
2026-09-12T21:23:35.2200268Z 	at org.gradle.internal.model.StateTransitionController.lambda$doTransition$14(StateTransitionController.java:255)
2026-09-12T21:23:35.2202373Z 	at org.gradle.internal.model.StateTransitionController.doTransition(StateTransitionController.java:266)
2026-09-12T21:23:35.2204602Z 	at org.gradle.internal.model.StateTransitionController.doTransition(StateTransitionController.java:254)
2026-09-12T21:23:35.2206732Z 	at org.gradle.internal.model.StateTransitionController.lambda$maybeTransition$9(StateTransitionController.java:190)
2026-09-12T21:23:35.2208633Z 	at org.gradle.internal.work.DefaultSynchronizer.withLock(DefaultSynchronizer.java:36)
2026-09-12T21:23:35.2210384Z 	at org.gradle.internal.model.StateTransitionController.maybeTransition(StateTransitionController.java:186)
2026-09-12T21:23:35.2212637Z 	at org.gradle.internal.build.DefaultBuildLifecycleController.prepareToScheduleTasks(DefaultBuildLifecycleController.java:173)
2026-09-12T21:23:35.2215372Z 	at org.gradle.internal.buildtree.DefaultBuildTreeWorkPreparer.scheduleRequestedTasks(DefaultBuildTreeWorkPreparer.java:36)
2026-09-12T21:23:35.2217912Z 	at org.gradle.internal.cc.impl.VintageBuildTreeWorkController$scheduleAndRunRequestedTasks$1.apply(VintageBuildTreeWorkController.kt:36)
2026-09-12T21:23:35.2220498Z 	at org.gradle.internal.cc.impl.VintageBuildTreeWorkController$scheduleAndRunRequestedTasks$1.apply(VintageBuildTreeWorkController.kt:35)
2026-09-12T21:23:35.2223008Z 	at org.gradle.composite.internal.DefaultIncludedBuildTaskGraph.withNewWorkGraph(DefaultIncludedBuildTaskGraph.java:112)
2026-09-12T21:23:35.2225717Z 	at org.gradle.internal.cc.impl.VintageBuildTreeWorkController.scheduleAndRunRequestedTasks(VintageBuildTreeWorkController.kt:35)
2026-09-12T21:23:35.2228449Z 	at org.gradle.internal.buildtree.DefaultBuildTreeLifecycleController.lambda$scheduleAndRunTasks$1(DefaultBuildTreeLifecycleController.java:77)
2026-09-12T21:23:35.2231156Z 	at org.gradle.internal.buildtree.DefaultBuildTreeLifecycleController.lambda$runBuild$4(DefaultBuildTreeLifecycleController.java:120)
2026-09-12T21:23:35.2233696Z 	at org.gradle.internal.model.StateTransitionController.lambda$transition$6(StateTransitionController.java:169)
2026-09-12T21:23:35.2235874Z 	at org.gradle.internal.model.StateTransitionController.doTransition(StateTransitionController.java:266)
2026-09-12T21:23:35.2237980Z 	at org.gradle.internal.model.StateTransitionController.lambda$transition$7(StateTransitionController.java:169)
2026-09-12T21:23:35.2240108Z 	at org.gradle.internal.work.DefaultSynchronizer.withLock(DefaultSynchronizer.java:46)
2026-09-12T21:23:35.2241961Z 	at org.gradle.internal.model.StateTransitionController.transition(StateTransitionController.java:169)
2026-09-12T21:23:35.2244406Z 	at org.gradle.internal.buildtree.DefaultBuildTreeLifecycleController.runBuild(DefaultBuildTreeLifecycleController.java:117)
2026-09-12T21:23:35.2247051Z 	at org.gradle.internal.buildtree.DefaultBuildTreeLifecycleController.scheduleAndRunTasks(DefaultBuildTreeLifecycleController.java:77)
2026-09-12T21:23:35.2249792Z 	at org.gradle.internal.buildtree.DefaultBuildTreeLifecycleController.scheduleAndRunTasks(DefaultBuildTreeLifecycleController.java:72)
2026-09-12T21:23:35.2252188Z 	at org.gradle.tooling.internal.provider.ExecuteBuildActionRunner.run(ExecuteBuildActionRunner.java:31)
2026-09-12T21:23:35.2254456Z 	at org.gradle.launcher.exec.ChainingBuildActionRunner.run(ChainingBuildActionRunner.java:35)
2026-09-12T21:23:35.2256525Z 	at org.gradle.internal.buildtree.ProblemReportingBuildActionRunner.run(ProblemReportingBuildActionRunner.java:49)
2026-09-12T21:23:35.2258869Z 	at org.gradle.launcher.exec.BuildOutcomeReportingBuildActionRunner.run(BuildOutcomeReportingBuildActionRunner.java:71)
2026-09-12T21:23:35.2261346Z 	at org.gradle.tooling.internal.provider.FileSystemWatchingBuildActionRunner.run(FileSystemWatchingBuildActionRunner.java:135)
2026-09-12T21:23:35.2264040Z 	at org.gradle.launcher.exec.BuildCompletionNotifyingBuildActionRunner.run(BuildCompletionNotifyingBuildActionRunner.java:41)
2026-09-12T21:23:35.2266581Z 	at org.gradle.launcher.exec.RootBuildLifecycleBuildActionExecutor.lambda$execute$0(RootBuildLifecycleBuildActionExecutor.java:54)
2026-09-12T21:23:35.2268726Z 	at org.gradle.composite.internal.DefaultRootBuildState.run(DefaultRootBuildState.java:130)
2026-09-12T21:23:35.2270824Z 	at org.gradle.launcher.exec.RootBuildLifecycleBuildActionExecutor.execute(RootBuildLifecycleBuildActionExecutor.java:54)
2026-09-12T21:23:35.2273304Z 	at org.gradle.internal.buildtree.InitDeprecationLoggingActionExecutor.execute(InitDeprecationLoggingActionExecutor.java:62)
2026-09-12T21:23:35.2275465Z 	at org.gradle.internal.buildtree.InitProblems.execute(InitProblems.java:36)
2026-09-12T21:23:35.2277187Z 	at org.gradle.internal.buildtree.DefaultBuildTreeContext.execute(DefaultBuildTreeContext.java:40)
2026-09-12T21:23:35.2279434Z 	at org.gradle.launcher.exec.BuildTreeLifecycleBuildActionExecutor.lambda$execute$0(BuildTreeLifecycleBuildActionExecutor.java:71)
2026-09-12T21:23:35.2281427Z 	at org.gradle.internal.buildtree.BuildTreeState.run(BuildTreeState.java:60)
2026-09-12T21:23:35.2283547Z 	at org.gradle.launcher.exec.BuildTreeLifecycleBuildActionExecutor.execute(BuildTreeLifecycleBuildActionExecutor.java:71)
2026-09-12T21:23:35.2286099Z 	at org.gradle.launcher.exec.RunAsBuildOperationBuildActionExecutor$2.call(RunAsBuildOperationBuildActionExecutor.java:67)
2026-09-12T21:23:35.2288479Z 	at org.gradle.launcher.exec.RunAsBuildOperationBuildActionExecutor$2.call(RunAsBuildOperationBuildActionExecutor.java:63)
2026-09-12T21:23:35.2290982Z 	at org.gradle.internal.operations.DefaultBuildOperationRunner$CallableBuildOperationWorker.execute(DefaultBuildOperationRunner.java:210)
2026-09-12T21:23:35.2293751Z 	at org.gradle.internal.operations.DefaultBuildOperationRunner$CallableBuildOperationWorker.execute(DefaultBuildOperationRunner.java:205)
2026-09-12T21:23:35.2296130Z 	at org.gradle.internal.operations.DefaultBuildOperationRunner$2.execute(DefaultBuildOperationRunner.java:67)
2026-09-12T21:23:35.2298238Z 	at org.gradle.internal.operations.DefaultBuildOperationRunner$2.execute(DefaultBuildOperationRunner.java:60)
2026-09-12T21:23:35.2300359Z 	at org.gradle.internal.operations.DefaultBuildOperationRunner.execute(DefaultBuildOperationRunner.java:167)
2026-09-12T21:23:35.2302495Z 	at org.gradle.internal.operations.DefaultBuildOperationRunner.execute(DefaultBuildOperationRunner.java:60)
2026-09-12T21:23:35.2304943Z 	at org.gradle.internal.operations.DefaultBuildOperationRunner.call(DefaultBuildOperationRunner.java:54)
2026-09-12T21:23:35.2307206Z 	at org.gradle.launcher.exec.RunAsBuildOperationBuildActionExecutor.execute(RunAsBuildOperationBuildActionExecutor.java:63)
2026-09-12T21:23:35.2309674Z 	at org.gradle.launcher.exec.RunAsWorkerThreadBuildActionExecutor.lambda$execute$0(RunAsWorkerThreadBuildActionExecutor.java:36)
2026-09-12T21:23:35.2311891Z 	at org.gradle.internal.work.DefaultWorkerLeaseService.withLocks(DefaultWorkerLeaseService.java:263)
2026-09-12T21:23:35.2314121Z 	at org.gradle.internal.work.DefaultWorkerLeaseService.runAsWorkerThread(DefaultWorkerLeaseService.java:127)
2026-09-12T21:23:35.2316382Z 	at org.gradle.launcher.exec.RunAsWorkerThreadBuildActionExecutor.execute(RunAsWorkerThreadBuildActionExecutor.java:36)
2026-09-12T21:23:35.2319055Z 	at org.gradle.tooling.internal.provider.continuous.ContinuousBuildActionExecutor.execute(ContinuousBuildActionExecutor.java:110)
2026-09-12T21:23:35.2321577Z 	at org.gradle.tooling.internal.provider.SubscribableBuildActionExecutor.execute(SubscribableBuildActionExecutor.java:64)
2026-09-12T21:23:35.2323967Z 	at org.gradle.internal.session.DefaultBuildSessionContext.execute(DefaultBuildSessionContext.java:46)
2026-09-12T21:23:35.2326491Z 	at org.gradle.internal.buildprocess.execution.BuildSessionLifecycleBuildActionExecutor$ActionImpl.apply(BuildSessionLifecycleBuildActionExecutor.java:92)
2026-09-12T21:23:35.2329542Z 	at org.gradle.internal.buildprocess.execution.BuildSessionLifecycleBuildActionExecutor$ActionImpl.apply(BuildSessionLifecycleBuildActionExecutor.java:80)
2026-09-12T21:23:35.2331871Z 	at org.gradle.internal.session.BuildSessionState.run(BuildSessionState.java:73)
2026-09-12T21:23:35.2334371Z 	at org.gradle.internal.buildprocess.execution.BuildSessionLifecycleBuildActionExecutor.execute(BuildSessionLifecycleBuildActionExecutor.java:62)
2026-09-12T21:23:35.2337347Z 	at org.gradle.internal.buildprocess.execution.BuildSessionLifecycleBuildActionExecutor.execute(BuildSessionLifecycleBuildActionExecutor.java:41)
2026-09-12T21:23:35.2340226Z 	at org.gradle.internal.buildprocess.execution.StartParamsValidatingActionExecutor.execute(StartParamsValidatingActionExecutor.java:64)
2026-09-12T21:23:35.2342976Z 	at org.gradle.internal.buildprocess.execution.StartParamsValidatingActionExecutor.execute(StartParamsValidatingActionExecutor.java:32)
2026-09-12T21:23:35.2345938Z 	at org.gradle.internal.buildprocess.execution.SessionFailureReportingActionExecutor.execute(SessionFailureReportingActionExecutor.java:51)
2026-09-12T21:23:35.2348778Z 	at org.gradle.internal.buildprocess.execution.SessionFailureReportingActionExecutor.execute(SessionFailureReportingActionExecutor.java:39)
2026-09-12T21:23:35.2351378Z 	at org.gradle.internal.buildprocess.execution.SetupLoggingActionExecutor.execute(SetupLoggingActionExecutor.java:47)
2026-09-12T21:23:35.2353890Z 	at org.gradle.internal.buildprocess.execution.SetupLoggingActionExecutor.execute(SetupLoggingActionExecutor.java:31)
2026-09-12T21:23:35.2374983Z 	at org.gradle.launcher.daemon.server.exec.ExecuteBuild.doBuild(ExecuteBuild.java:70)
2026-09-12T21:23:35.2376735Z 	at org.gradle.launcher.daemon.server.exec.BuildCommandOnly.execute(BuildCommandOnly.java:37)
2026-09-12T21:23:35.2378745Z 	at org.gradle.launcher.daemon.server.api.DaemonCommandExecution.proceed(DaemonCommandExecution.java:104)
2026-09-12T21:23:35.2380814Z 	at org.gradle.launcher.daemon.server.exec.WatchForDisconnection.execute(WatchForDisconnection.java:39)
2026-09-12T21:23:35.2382832Z 	at org.gradle.launcher.daemon.server.api.DaemonCommandExecution.proceed(DaemonCommandExecution.java:104)
2026-09-12T21:23:35.2385084Z 	at org.gradle.launcher.daemon.server.exec.ResetDeprecationLogger.execute(ResetDeprecationLogger.java:29)
2026-09-12T21:23:35.2387133Z 	at org.gradle.launcher.daemon.server.api.DaemonCommandExecution.proceed(DaemonCommandExecution.java:104)
2026-09-12T21:23:35.2389444Z 	at org.gradle.launcher.daemon.server.exec.RequestStopIfSingleUsedDaemon.execute(RequestStopIfSingleUsedDaemon.java:35)
2026-09-12T21:23:35.2391859Z 	at org.gradle.launcher.daemon.server.api.DaemonCommandExecution.proceed(DaemonCommandExecution.java:104)
2026-09-12T21:23:35.2394073Z 	at org.gradle.launcher.daemon.server.exec.ForwardClientInput.lambda$execute$0(ForwardClientInput.java:40)
2026-09-12T21:23:35.2396107Z 	at org.gradle.internal.daemon.clientinput.ClientInputForwarder.forwardInput(ClientInputForwarder.java:80)
2026-09-12T21:23:35.2398059Z 	at org.gradle.launcher.daemon.server.exec.ForwardClientInput.execute(ForwardClientInput.java:37)
2026-09-12T21:23:35.2400003Z 	at org.gradle.launcher.daemon.server.api.DaemonCommandExecution.proceed(DaemonCommandExecution.java:104)
2026-09-12T21:23:35.2401891Z 	at org.gradle.launcher.daemon.server.exec.LogAndCheckHealth.execute(LogAndCheckHealth.java:64)
2026-09-12T21:23:35.2403961Z 	at org.gradle.launcher.daemon.server.api.DaemonCommandExecution.proceed(DaemonCommandExecution.java:104)
2026-09-12T21:23:35.2405918Z 	at org.gradle.launcher.daemon.server.exec.LogToClient.doBuild(LogToClient.java:63)
2026-09-12T21:23:35.2407654Z 	at org.gradle.launcher.daemon.server.exec.BuildCommandOnly.execute(BuildCommandOnly.java:37)
2026-09-12T21:23:35.2409660Z 	at org.gradle.launcher.daemon.server.api.DaemonCommandExecution.proceed(DaemonCommandExecution.java:104)
2026-09-12T21:23:35.2411781Z 	at org.gradle.launcher.daemon.server.exec.EstablishBuildEnvironment.doBuild(EstablishBuildEnvironment.java:84)
2026-09-12T21:23:35.2413946Z 	at org.gradle.launcher.daemon.server.exec.BuildCommandOnly.execute(BuildCommandOnly.java:37)
2026-09-12T21:23:35.2415873Z 	at org.gradle.launcher.daemon.server.api.DaemonCommandExecution.proceed(DaemonCommandExecution.java:104)
2026-09-12T21:23:35.2417977Z 	at org.gradle.launcher.daemon.server.exec.StartBuildOrRespondWithBusy$1.run(StartBuildOrRespondWithBusy.java:52)
2026-09-12T21:23:35.2420145Z 	at org.gradle.launcher.daemon.server.DaemonStateCoordinator.lambda$runCommand$0(DaemonStateCoordinator.java:321)
2026-09-12T21:23:35.2422210Z 	at org.gradle.internal.concurrent.ExecutorPolicy$CatchAndRecordFailures.onExecute(ExecutorPolicy.java:64)
2026-09-12T21:23:35.2424276Z 	at org.gradle.internal.concurrent.AbstractManagedExecutor$1.run(AbstractManagedExecutor.java:48)
2026-09-12T21:23:35.2425313Z 
2026-09-12T21:23:35.2425320Z 
2026-09-12T21:23:35.2425631Z BUILD FAILED in 16s
2026-09-12T21:23:35.5839736Z ##[error]Process completed with exit code 1.
2026-09-12T21:23:35.6019914Z Node 20 is being deprecated. This workflow is running with Node 24 by default. If you need to temporarily use Node 20, you can set the ACTIONS_ALLOW_USE_UNSECURE_NODE_VERSION=true environment variable. For more information see: https://github.blog/changelog/2025-09-19-deprecation-of-node-20-on-github-actions-runners/
2026-09-12T21:23:35.6021482Z Post job cleanup.
2026-09-12T21:23:35.8341183Z In post-action step
2026-09-12T21:23:35.8353927Z ##[group]Stopping Gradle daemons
2026-09-12T21:23:35.8355171Z Stopping Gradle daemons for /home/runner/.gradle/wrapper/dists/gradle-8.13-bin/5xuhj0ry160q40clulazy9h7d/gradle-8.13
2026-09-12T21:23:35.8370490Z [command]/home/runner/.gradle/wrapper/dists/gradle-8.13-bin/5xuhj0ry160q40clulazy9h7d/gradle-8.13/bin/gradle --stop
2026-09-12T21:23:36.5208600Z Stopping Daemon(s)
2026-09-12T21:23:36.5211395Z 1 Daemon stopped
2026-09-12T21:23:36.5375534Z ##[endgroup]
2026-09-12T21:23:36.5395974Z Not performing cache-cleanup due to build failure
2026-09-12T21:23:36.5397646Z ##[group]Caching Gradle state
2026-09-12T21:23:36.8728508Z [command]/usr/bin/tar --posix -cf cache.tzst --exclude cache.tzst -P -C /home/runner/work/Fynex-Manager/Fynex-Manager --files-from manifest.txt --use-compress-program zstdmt
2026-09-12T21:23:37.3548913Z Sent 91560 of 91560 (100.0%), 0.3 MBs/sec
2026-09-12T21:23:37.5021558Z Saved cache entry with key gradle-kotlin-dsl-v1-fee203ec4613685efd6a12cd07e6f464 from /home/runner/.gradle/caches/*/kotlin-dsl/accessors/*/,/home/runner/.gradle/caches/*/kotlin-dsl/scripts/*/ in 656ms
2026-09-12T21:23:37.5295739Z [command]/usr/bin/tar --posix -cf cache.tzst --exclude cache.tzst -P -C /home/runner/work/Fynex-Manager/Fynex-Manager --files-from manifest.txt --use-compress-program zstdmt
2026-09-12T21:23:37.8618101Z Sent 385374 of 385374 (100.0%), 2.0 MBs/sec
2026-09-12T21:23:37.9792841Z Saved cache entry with key gradle-home-v1|Linux-X64|build[36a61ee11fde92eb67978eb36366915f]-2fe99e9a1e0c8fadc54e4e636487eedd4cb7829c from /home/runner/.gradle/caches,/home/runner/.gradle/notifications,/home/runner/.gradle/.setup-gradle in 460ms
2026-09-12T21:23:37.9796134Z ##[endgroup]
2026-09-12T21:23:37.9802163Z Generating Job Summary
2026-09-12T21:23:37.9814356Z Completed post-action step
2026-09-12T21:23:38.0043878Z Node 20 is being deprecated. This workflow is running with Node 24 by default. If you need to temporarily use Node 20, you can set the ACTIONS_ALLOW_USE_UNSECURE_NODE_VERSION=true environment variable. For more information see: https://github.blog/changelog/2025-09-19-deprecation-of-node-20-on-github-actions-runners/
2026-09-12T21:23:38.0045675Z Post job cleanup.
2026-09-12T21:23:38.1383980Z (node:2763) [DEP0040] DeprecationWarning: The `punycode` module is deprecated. Please use a userland alternative instead.
2026-09-12T21:23:38.1385039Z (Use `node --trace-deprecation ...` to show where the warning was created)
2026-09-12T21:23:38.1620382Z Node 20 is being deprecated. This workflow is running with Node 24 by default. If you need to temporarily use Node 20, you can set the ACTIONS_ALLOW_USE_UNSECURE_NODE_VERSION=true environment variable. For more information see: https://github.blog/changelog/2025-09-19-deprecation-of-node-20-on-github-actions-runners/
2026-09-12T21:23:38.1621996Z Post job cleanup.
2026-09-12T21:23:38.2658257Z [command]/usr/bin/git version
2026-09-12T21:23:38.2702865Z git version 2.55.0
2026-09-12T21:23:38.2743097Z Temporarily overriding HOME='/home/runner/work/_temp/f9ef0917-b3b2-48c8-86f8-be896a8caca7' before making global git config changes
2026-09-12T21:23:38.2745701Z Adding repository directory to the temporary git global config as a safe directory
2026-09-12T21:23:38.2749585Z [command]/usr/bin/git config --global --add safe.directory /home/runner/work/Fynex-Manager/Fynex-Manager
2026-09-12T21:23:38.2787237Z [command]/usr/bin/git config --local --name-only --get-regexp core\.sshCommand
2026-09-12T21:23:38.2822187Z [command]/usr/bin/git submodule foreach --recursive sh -c "git config --local --name-only --get-regexp 'core\.sshCommand' && git config --local --unset-all 'core.sshCommand' || :"
2026-09-12T21:23:38.3065470Z [command]/usr/bin/git config --local --name-only --get-regexp http\.https\:\/\/github\.com\/\.extraheader
2026-09-12T21:23:38.3095544Z http.https://github.com/.extraheader
2026-09-12T21:23:38.3107736Z [command]/usr/bin/git config --local --unset-all http.https://github.com/.extraheader
2026-09-12T21:23:38.3145916Z [command]/usr/bin/git submodule foreach --recursive sh -c "git config --local --name-only --get-regexp 'http\.https\:\/\/github\.com\/\.extraheader' && git config --local --unset-all 'http.https://github.com/.extraheader' || :"
2026-09-12T21:23:38.3393624Z [command]/usr/bin/git config --local --name-only --get-regexp ^includeIf\.gitdir:
2026-09-12T21:23:38.3439858Z [command]/usr/bin/git submodule foreach --recursive git config --local --show-origin --name-only --get-regexp remote.origin.url
2026-09-12T21:23:38.3827139Z Cleaning up orphan processes
2026-09-12T21:23:38.4120012Z ##[warning]Node.js 20 is deprecated. The following actions target Node.js 20 but are being forced to run on Node.js 24: actions/checkout@v4, actions/setup-java@v4, gradle/actions/setup-gradle@v4. For more information see: https://github.blog/changelog/2025-09-19-deprecation-of-node-20-on-github-actions-runners/
